Iteracion,Estado,Energia
1,000,-0.0
2,000,-0.0
3,000,-0.0
4,010,0.1
5,011,-0.7999999999999999
6,111,-1.4
7,111,-1.4
8,111,-1.4
9,111,-1.4
10,111,-1.4
11,111,-1.4
12,111,-1.4
13,111,-1.4
14,111,-1.4
15,111,-1.4
16,110,-0.9
17,110,-0.9
18,110,-0.9
19,110,-0.9
20,010,0.1
21,010,0.1
22,010,0.1
23,011,-0.7999999999999999
24,011,-0.7999999999999999
25,010,0.1
26,000,-0.0
27,010,0.1
28,000,-0.0
29,010,0.1
30,000,-0.0
31,010,0.1
32,000,-0.0
33,001,-0.3
34,001,-0.3
35,011,-0.7999999999999999
36,111,-1.4
37,111,-1.4
38,111,-1.4
39,111,-1.4
40,111,-1.4
41,011,-0.7999999999999999
42,111,-1.4
43,110,-0.9
44,110,-0.9
45,110,-0.9
46,010,0.1
47,010,0.1
48,010,0.1
49,010,0.1
50,011,-0.7999999999999999
51,011,-0.7999999999999999
52,001,-0.3
53,101,-0.09999999999999998
54,100,-0.2
55,000,-0.0
56,000,-0.0
57,001,-0.3
58,001,-0.3
59,011,-0.7999999999999999
60,011,-0.7999999999999999
61,011,-0.7999999999999999
62,111,-1.4
63,111,-1.4
64,111,-1.4
65,111,-1.4
66,111,-1.4
67,110,-0.9
68,110,-0.9
69,110,-0.9
70,110,-0.9
71,100,-0.2
72,110,-0.9
73,110,-0.9
74,110,-0.9
75,111,-1.4
76,011,-0.7999999999999999
77,011,-0.7999999999999999
78,011,-0.7999999999999999
79,011,-0.7999999999999999
80,011,-0.7999999999999999
81,011,-0.7999999999999999
82,111,-1.4
83,101,-0.09999999999999998
84,111,-1.4
85,111,-1.4
86,011,-0.7999999999999999
87,011,-0.7999999999999999
88,011,-0.7999999999999999
89,011,-0.7999999999999999
90,111,-1.4
91,111,-1.4
92,101,-0.09999999999999998
93,100,-0.2
94,101,-0.09999999999999998
95,001,-0.3
96,001,-0.3
97,011,-0.7999999999999999
98,011,-0.7999999999999999
99,111,-1.4
100,111,-1.4
101,011,-0.7999999999999999
102,011,-0.7999999999999999
103,011,-0.7999999999999999
104,011,-0.7999999999999999
105,011,-0.7999999999999999
106,111,-1.4
107,110,-0.9
108,110,-0.9
109,110,-0.9
110,111,-1.4
111,111,-1.4
112,101,-0.09999999999999998
113,101,-0.09999999999999998
114,101,-0.09999999999999998
115,001,-0.3
116,001,-0.3
117,000,-0.0
118,000,-0.0
119,000,-0.0
120,000,-0.0
121,000,-0.0
122,010,0.1
123,000,-0.0
124,100,-0.2
125,110,-0.9
126,110,-0.9
127,110,-0.9
128,110,-0.9
129,110,-0.9
130,110,-0.9
131,110,-0.9
132,111,-1.4
133,111,-1.4
134,101,-0.09999999999999998
135,001,-0.3
136,001,-0.3
137,001,-0.3
138,001,-0.3
139,101,-0.09999999999999998
140,100,-0.2
141,100,-0.2
142,100,-0.2
143,000,-0.0
144,000,-0.0
145,100,-0.2
146,000,-0.0
147,100,-0.2
148,100,-0.2
149,101,-0.09999999999999998
150,101,-0.09999999999999998
151,101,-0.09999999999999998
152,111,-1.4
153,111,-1.4
154,110,-0.9
155,110,-0.9
156,100,-0.2
157,000,-0.0
158,000,-0.0
159,001,-0.3
160,001,-0.3
161,001,-0.3
162,101,-0.09999999999999998
163,100,-0.2
164,100,-0.2
165,100,-0.2
166,101,-0.09999999999999998
167,111,-1.4
168,110,-0.9
169,111,-1.4
170,110,-0.9
171,110,-0.9
172,110,-0.9
173,100,-0.2
174,110,-0.9
175,110,-0.9
176,110,-0.9
177,110,-0.9
178,110,-0.9
179,110,-0.9
180,111,-1.4
181,011,-0.7999999999999999
182,011,-0.7999999999999999
183,111,-1.4
184,111,-1.4
185,111,-1.4
186,101,-0.09999999999999998
187,101,-0.09999999999999998
188,101,-0.09999999999999998
189,111,-1.4
190,111,-1.4
191,111,-1.4
192,111,-1.4
193,011,-0.7999999999999999
194,011,-0.7999999999999999
195,111,-1.4
196,111,-1.4
197,111,-1.4
198,111,-1.4
199,111,-1.4
200,101,-0.09999999999999998
201,001,-0.3
202,001,-0.3
203,001,-0.3
204,001,-0.3
205,101,-0.09999999999999998
206,101,-0.09999999999999998
207,111,-1.4
208,111,-1.4
209,111,-1.4
210,011,-0.7999999999999999
211,010,0.1
212,010,0.1
213,000,-0.0
214,100,-0.2
215,100,-0.2
216,100,-0.2
217,110,-0.9
218,110,-0.9
219,111,-1.4
220,111,-1.4
221,111,-1.4
222,111,-1.4
223,111,-1.4
224,101,-0.09999999999999998
225,001,-0.3
226,001,-0.3
227,001,-0.3
228,001,-0.3
229,001,-0.3
230,001,-0.3
231,000,-0.0
232,010,0.1
233,010,0.1
234,110,-0.9
235,110,-0.9
236,110,-0.9
237,100,-0.2
238,110,-0.9
239,110,-0.9
240,111,-1.4
241,011,-0.7999999999999999
242,111,-1.4
243,111,-1.4
244,111,-1.4
245,111,-1.4
246,111,-1.4
247,011,-0.7999999999999999
248,010,0.1
249,011,-0.7999999999999999
250,001,-0.3
251,011,-0.7999999999999999
252,011,-0.7999999999999999
253,111,-1.4
254,101,-0.09999999999999998
255,001,-0.3
256,101,-0.09999999999999998
257,101,-0.09999999999999998
258,111,-1.4
259,110,-0.9
260,110,-0.9
261,100,-0.2
262,100,-0.2
263,000,-0.0
264,000,-0.0
265,000,-0.0
266,000,-0.0
267,000,-0.0
268,000,-0.0
269,001,-0.3
270,101,-0.09999999999999998
271,111,-1.4
272,011,-0.7999999999999999
273,010,0.1
274,110,-0.9
275,110,-0.9
276,110,-0.9
277,110,-0.9
278,100,-0.2
279,000,-0.0
280,100,-0.2
281,100,-0.2
282,100,-0.2
283,100,-0.2
284,110,-0.9
285,110,-0.9
286,110,-0.9
287,110,-0.9
288,111,-1.4
289,101,-0.09999999999999998
290,111,-1.4
291,111,-1.4
292,111,-1.4
293,111,-1.4
294,011,-0.7999999999999999
295,011,-0.7999999999999999
296,111,-1.4
297,011,-0.7999999999999999
298,111,-1.4
299,110,-0.9
300,110,-0.9
301,110,-0.9
302,110,-0.9
303,100,-0.2
304,100,-0.2
305,000,-0.0
306,000,-0.0
307,100,-0.2
308,110,-0.9
309,100,-0.2
310,000,-0.0
311,010,0.1
312,011,-0.7999999999999999
313,010,0.1
314,110,-0.9
315,010,0.1
316,110,-0.9
317,010,0.1
318,010,0.1
319,110,-0.9
320,110,-0.9
321,110,-0.9
322,100,-0.2
323,110,-0.9
324,110,-0.9
325,110,-0.9
326,111,-1.4
327,111,-1.4
328,111,-1.4
329,111,-1.4
330,111,-1.4
331,110,-0.9
332,100,-0.2
333,100,-0.2
334,110,-0.9
335,110,-0.9
336,111,-1.4
337,110,-0.9
338,110,-0.9
339,111,-1.4
340,111,-1.4
341,011,-0.7999999999999999
342,001,-0.3
343,001,-0.3
344,001,-0.3
345,101,-0.09999999999999998
346,111,-1.4
347,111,-1.4
348,111,-1.4
349,111,-1.4
350,011,-0.7999999999999999
351,011,-0.7999999999999999
352,011,-0.7999999999999999
353,011,-0.7999999999999999
354,111,-1.4
355,111,-1.4
356,111,-1.4
357,111,-1.4
358,101,-0.09999999999999998
359,001,-0.3
360,101,-0.09999999999999998
361,101,-0.09999999999999998
362,001,-0.3
363,011,-0.7999999999999999
364,111,-1.4
365,111,-1.4
366,111,-1.4
367,111,-1.4
368,111,-1.4
369,111,-1.4
370,111,-1.4
371,111,-1.4
372,110,-0.9
373,110,-0.9
374,111,-1.4
375,011,-0.7999999999999999
376,011,-0.7999999999999999
377,011,-0.7999999999999999
378,011,-0.7999999999999999
379,011,-0.7999999999999999
380,111,-1.4
381,111,-1.4
382,011,-0.7999999999999999
383,011,-0.7999999999999999
384,011,-0.7999999999999999
385,011,-0.7999999999999999
386,010,0.1
387,010,0.1
388,110,-0.9
389,110,-0.9
390,100,-0.2
391,110,-0.9
392,110,-0.9
393,010,0.1
394,110,-0.9
395,110,-0.9
396,110,-0.9
397,100,-0.2
398,100,-0.2
399,100,-0.2
400,000,-0.0
401,000,-0.0
402,000,-0.0
403,000,-0.0
404,010,0.1
405,010,0.1
406,000,-0.0
407,010,0.1
408,110,-0.9
409,100,-0.2
410,000,-0.0
411,000,-0.0
412,010,0.1
413,110,-0.9
414,111,-1.4
415,111,-1.4
416,111,-1.4
417,111,-1.4
418,101,-0.09999999999999998
419,001,-0.3
420,101,-0.09999999999999998
421,001,-0.3
422,001,-0.3
423,011,-0.7999999999999999
424,011,-0.7999999999999999
425,011,-0.7999999999999999
426,011,-0.7999999999999999
427,010,0.1
428,011,-0.7999999999999999
429,011,-0.7999999999999999
430,111,-1.4
431,011,-0.7999999999999999
432,001,-0.3
433,001,-0.3
434,000,-0.0
435,010,0.1
436,110,-0.9
437,100,-0.2
438,100,-0.2
439,100,-0.2
440,000,-0.0
441,000,-0.0
442,000,-0.0
443,001,-0.3
444,001,-0.3
445,001,-0.3
446,001,-0.3
447,000,-0.0
448,010,0.1
449,010,0.1
450,110,-0.9
451,111,-1.4
452,111,-1.4
453,011,-0.7999999999999999
454,010,0.1
455,010,0.1
456,000,-0.0
457,000,-0.0
458,000,-0.0
459,001,-0.3
460,101,-0.09999999999999998
461,100,-0.2
462,100,-0.2
463,000,-0.0
464,000,-0.0
465,010,0.1
466,010,0.1
467,000,-0.0
468,010,0.1
469,011,-0.7999999999999999
470,011,-0.7999999999999999
471,011,-0.7999999999999999
472,011,-0.7999999999999999
473,111,-1.4
474,110,-0.9
475,010,0.1
476,011,-0.7999999999999999
477,011,-0.7999999999999999
478,011,-0.7999999999999999
479,001,-0.3
480,001,-0.3
481,101,-0.09999999999999998
482,101,-0.09999999999999998
483,101,-0.09999999999999998
484,001,-0.3
485,001,-0.3
486,001,-0.3
487,001,-0.3
488,001,-0.3
489,001,-0.3
490,001,-0.3
491,001,-0.3
492,011,-0.7999999999999999
493,011,-0.7999999999999999
494,011,-0.7999999999999999
495,011,-0.7999999999999999
496,011,-0.7999999999999999
497,111,-1.4
498,111,-1.4
499,111,-1.4
500,111,-1.4
501,111,-1.4
502,111,-1.4
503,011,-0.7999999999999999
504,111,-1.4
505,111,-1.4
506,111,-1.4
507,111,-1.4
508,111,-1.4
509,111,-1.4
510,111,-1.4
511,111,-1.4
512,111,-1.4
513,111,-1.4
514,111,-1.4
515,111,-1.4
516,111,-1.4
517,111,-1.4
518,111,-1.4
519,110,-0.9
520,110,-0.9
521,110,-0.9
522,110,-0.9
523,100,-0.2
524,000,-0.0
525,001,-0.3
526,001,-0.3
527,011,-0.7999999999999999
528,111,-1.4
529,111,-1.4
530,101,-0.09999999999999998
531,111,-1.4
532,101,-0.09999999999999998
533,101,-0.09999999999999998
534,111,-1.4
535,111,-1.4
536,110,-0.9
537,110,-0.9
538,010,0.1
539,110,-0.9
540,100,-0.2
541,100,-0.2
542,100,-0.2
543,100,-0.2
544,100,-0.2
545,110,-0.9
546,110,-0.9
547,100,-0.2
548,000,-0.0
549,000,-0.0
550,100,-0.2
551,100,-0.2
552,110,-0.9
553,111,-1.4
554,101,-0.09999999999999998
555,111,-1.4
556,011,-0.7999999999999999
557,111,-1.4
558,111,-1.4
559,111,-1.4
560,111,-1.4
561,011,-0.7999999999999999
562,001,-0.3
563,101,-0.09999999999999998
564,101,-0.09999999999999998
565,100,-0.2
566,110,-0.9
567,110,-0.9
568,100,-0.2
569,110,-0.9
570,110,-0.9
571,110,-0.9
572,111,-1.4
573,111,-1.4
574,111,-1.4
575,111,-1.4
576,011,-0.7999999999999999
577,010,0.1
578,011,-0.7999999999999999
579,011,-0.7999999999999999
580,111,-1.4
581,111,-1.4
582,110,-0.9
583,110,-0.9
584,110,-0.9
585,010,0.1
586,110,-0.9
587,110,-0.9
588,110,-0.9
589,110,-0.9
590,110,-0.9
591,110,-0.9
592,111,-1.4
593,111,-1.4
594,111,-1.4
595,110,-0.9
596,010,0.1
597,011,-0.7999999999999999
598,001,-0.3
599,000,-0.0
600,000,-0.0
601,000,-0.0
602,000,-0.0
603,000,-0.0
604,000,-0.0
605,000,-0.0
606,001,-0.3
607,000,-0.0
608,000,-0.0
609,010,0.1
610,011,-0.7999999999999999
611,111,-1.4
612,111,-1.4
613,111,-1.4
614,111,-1.4
615,111,-1.4
616,111,-1.4
617,111,-1.4
618,111,-1.4
619,111,-1.4
620,111,-1.4
621,111,-1.4
622,111,-1.4
623,111,-1.4
624,111,-1.4
625,111,-1.4
626,111,-1.4
627,111,-1.4
628,110,-0.9
629,110,-0.9
630,110,-0.9
631,111,-1.4
632,111,-1.4
633,111,-1.4
634,111,-1.4
635,111,-1.4
636,111,-1.4
637,111,-1.4
638,111,-1.4
639,111,-1.4
640,111,-1.4
641,101,-0.09999999999999998
642,111,-1.4
643,111,-1.4
644,011,-0.7999999999999999
645,111,-1.4
646,011,-0.7999999999999999
647,010,0.1
648,110,-0.9
649,100,-0.2
650,100,-0.2
651,100,-0.2
652,110,-0.9
653,111,-1.4
654,011,-0.7999999999999999
655,011,-0.7999999999999999
656,011,-0.7999999999999999
657,011,-0.7999999999999999
658,111,-1.4
659,110,-0.9
660,110,-0.9
661,111,-1.4
662,011,-0.7999999999999999
663,011,-0.7999999999999999
664,011,-0.7999999999999999
665,011,-0.7999999999999999
666,111,-1.4
667,111,-1.4
668,111,-1.4
669,011,-0.7999999999999999
670,111,-1.4
671,111,-1.4
672,111,-1.4
673,111,-1.4
674,101,-0.09999999999999998
675,101,-0.09999999999999998
676,001,-0.3
677,001,-0.3
678,001,-0.3
679,000,-0.0
680,000,-0.0
681,100,-0.2
682,000,-0.0
683,000,-0.0
684,100,-0.2
685,000,-0.0
686,001,-0.3
687,011,-0.7999999999999999
688,111,-1.4
689,111,-1.4
690,111,-1.4
691,111,-1.4
692,011,-0.7999999999999999
693,011,-0.7999999999999999
694,010,0.1
695,010,0.1
696,010,0.1
697,010,0.1
698,010,0.1
699,011,-0.7999999999999999
700,011,-0.7999999999999999
701,001,-0.3
702,101,-0.09999999999999998
703,111,-1.4
704,111,-1.4
705,111,-1.4
706,111,-1.4
707,011,-0.7999999999999999
708,011,-0.7999999999999999
709,011,-0.7999999999999999
710,011,-0.7999999999999999
711,010,0.1
712,010,0.1
713,000,-0.0
714,000,-0.0
715,000,-0.0
716,100,-0.2
717,100,-0.2
718,100,-0.2
719,100,-0.2
720,101,-0.09999999999999998
721,101,-0.09999999999999998
722,101,-0.09999999999999998
723,111,-1.4
724,111,-1.4
725,111,-1.4
726,111,-1.4
727,111,-1.4
728,111,-1.4
729,110,-0.9
730,111,-1.4
731,111,-1.4
732,111,-1.4
733,110,-0.9
734,010,0.1
735,110,-0.9
736,100,-0.2
737,000,-0.0
738,100,-0.2
739,110,-0.9
740,110,-0.9
741,110,-0.9
742,100,-0.2
743,100,-0.2
744,110,-0.9
745,010,0.1
746,011,-0.7999999999999999
747,001,-0.3
748,000,-0.0
749,000,-0.0
750,000,-0.0
751,010,0.1
752,010,0.1
753,110,-0.9
754,110,-0.9
755,110,-0.9
756,110,-0.9
757,110,-0.9
758,110,-0.9
759,110,-0.9
760,100,-0.2
761,110,-0.9
762,110,-0.9
763,110,-0.9
764,010,0.1
765,110,-0.9
766,100,-0.2
767,100,-0.2
768,000,-0.0
769,001,-0.3
770,011,-0.7999999999999999
771,111,-1.4
772,111,-1.4
773,111,-1.4
774,111,-1.4
775,011,-0.7999999999999999
776,011,-0.7999999999999999
777,001,-0.3
778,001,-0.3
779,001,-0.3
780,011,-0.7999999999999999
781,011,-0.7999999999999999
782,011,-0.7999999999999999
783,011,-0.7999999999999999
784,111,-1.4
785,011,-0.7999999999999999
786,001,-0.3
787,011,-0.7999999999999999
788,011,-0.7999999999999999
789,001,-0.3
790,011,-0.7999999999999999
791,011,-0.7999999999999999
792,011,-0.7999999999999999
793,011,-0.7999999999999999
794,011,-0.7999999999999999
795,011,-0.7999999999999999
796,011,-0.7999999999999999
797,011,-0.7999999999999999
798,011,-0.7999999999999999
799,011,-0.7999999999999999
800,011,-0.7999999999999999
801,011,-0.7999999999999999
802,111,-1.4
803,111,-1.4
804,111,-1.4
805,111,-1.4
806,111,-1.4
807,101,-0.09999999999999998
808,111,-1.4
809,111,-1.4
810,101,-0.09999999999999998
811,101,-0.09999999999999998
812,101,-0.09999999999999998
813,101,-0.09999999999999998
814,111,-1.4
815,111,-1.4
816,111,-1.4
817,111,-1.4
818,110,-0.9
819,010,0.1
820,010,0.1
821,010,0.1
822,000,-0.0
823,001,-0.3
824,011,-0.7999999999999999
825,011,-0.7999999999999999
826,111,-1.4
827,111,-1.4
828,111,-1.4
829,111,-1.4
830,111,-1.4
831,110,-0.9
832,111,-1.4
833,111,-1.4
834,111,-1.4
835,111,-1.4
836,111,-1.4
837,111,-1.4
838,111,-1.4
839,110,-0.9
840,110,-0.9
841,110,-0.9
842,110,-0.9
843,010,0.1
844,010,0.1
845,011,-0.7999999999999999
846,001,-0.3
847,001,-0.3
848,011,-0.7999999999999999
849,011,-0.7999999999999999
850,011,-0.7999999999999999
851,111,-1.4
852,111,-1.4
853,111,-1.4
854,101,-0.09999999999999998
855,101,-0.09999999999999998
856,001,-0.3
857,001,-0.3
858,001,-0.3
859,000,-0.0
860,001,-0.3
861,101,-0.09999999999999998
862,111,-1.4
863,111,-1.4
864,111,-1.4
865,111,-1.4
866,011,-0.7999999999999999
867,011,-0.7999999999999999
868,010,0.1
869,011,-0.7999999999999999
870,011,-0.7999999999999999
871,001,-0.3
872,101,-0.09999999999999998
873,001,-0.3
874,001,-0.3
875,000,-0.0
876,000,-0.0
877,100,-0.2
878,100,-0.2
879,110,-0.9
880,110,-0.9
881,010,0.1
882,110,-0.9
883,110,-0.9
884,010,0.1
885,010,0.1
886,000,-0.0
887,100,-0.2
888,000,-0.0
889,000,-0.0
890,100,-0.2
891,100,-0.2
892,100,-0.2
893,101,-0.09999999999999998
894,001,-0.3
895,101,-0.09999999999999998
896,111,-1.4
897,111,-1.4
898,111,-1.4
899,111,-1.4
900,011,-0.7999999999999999
901,011,-0.7999999999999999
902,011,-0.7999999999999999
903,111,-1.4
904,111,-1.4
905,111,-1.4
906,111,-1.4
907,110,-0.9
908,100,-0.2
909,101,-0.09999999999999998
910,101,-0.09999999999999998
911,101,-0.09999999999999998
912,101,-0.09999999999999998
913,101,-0.09999999999999998
914,001,-0.3
915,001,-0.3
916,001,-0.3
917,101,-0.09999999999999998
918,100,-0.2
919,100,-0.2
920,110,-0.9
921,110,-0.9
922,110,-0.9
923,110,-0.9
924,110,-0.9
925,100,-0.2
926,100,-0.2
927,000,-0.0
928,000,-0.0
929,000,-0.0
930,100,-0.2
931,000,-0.0
932,001,-0.3
933,001,-0.3
934,011,-0.7999999999999999
935,011,-0.7999999999999999
936,011,-0.7999999999999999
937,011,-0.7999999999999999
938,111,-1.4
939,111,-1.4
940,110,-0.9
941,110,-0.9
942,100,-0.2
943,110,-0.9
944,110,-0.9
945,010,0.1
946,010,0.1
947,110,-0.9
948,110,-0.9
949,111,-1.4
950,111,-1.4
951,111,-1.4
952,111,-1.4
953,111,-1.4
954,111,-1.4
955,111,-1.4
956,011,-0.7999999999999999
957,011,-0.7999999999999999
958,011,-0.7999999999999999
959,011,-0.7999999999999999
960,010,0.1
961,010,0.1
962,011,-0.7999999999999999
963,111,-1.4
964,111,-1.4
965,111,-1.4
966,111,-1.4
967,110,-0.9
968,110,-0.9
969,111,-1.4
970,111,-1.4
971,111,-1.4
972,111,-1.4
973,111,-1.4
974,111,-1.4
975,111,-1.4
976,111,-1.4
977,110,-0.9
978,111,-1.4
979,111,-1.4
980,110,-0.9
981,110,-0.9
982,110,-0.9
983,110,-0.9
984,111,-1.4
985,011,-0.7999999999999999
986,011,-0.7999999999999999
987,111,-1.4
988,111,-1.4
989,110,-0.9
990,010,0.1
991,010,0.1
992,110,-0.9
993,110,-0.9
994,110,-0.9
995,110,-0.9
996,110,-0.9
997,110,-0.9
998,110,-0.9
999,110,-0.9
1000,110,-0.9
1001,110,-0.9
1002,110,-0.9
1003,111,-1.4
1004,101,-0.09999999999999998
1005,100,-0.2
1006,100,-0.2
1007,110,-0.9
1008,111,-1.4
1009,111,-1.4
1010,111,-1.4
1011,111,-1.4
1012,101,-0.09999999999999998
1013,101,-0.09999999999999998
1014,001,-0.3
1015,001,-0.3
1016,011,-0.7999999999999999
1017,001,-0.3
1018,000,-0.0
1019,010,0.1
1020,110,-0.9
1021,110,-0.9
1022,110,-0.9
1023,110,-0.9
1024,010,0.1
1025,010,0.1
1026,011,-0.7999999999999999
1027,111,-1.4
1028,111,-1.4
1029,111,-1.4
1030,011,-0.7999999999999999
1031,011,-0.7999999999999999
1032,001,-0.3
1033,001,-0.3
1034,000,-0.0
1035,001,-0.3
1036,101,-0.09999999999999998
1037,111,-1.4
1038,110,-0.9
1039,110,-0.9
1040,111,-1.4
1041,111,-1.4
1042,111,-1.4
1043,111,-1.4
1044,110,-0.9
1045,111,-1.4
1046,111,-1.4
1047,111,-1.4
1048,111,-1.4
1049,011,-0.7999999999999999
1050,011,-0.7999999999999999
1051,011,-0.7999999999999999
1052,001,-0.3
1053,001,-0.3
1054,011,-0.7999999999999999
1055,111,-1.4
1056,011,-0.7999999999999999
1057,011,-0.7999999999999999
1058,011,-0.7999999999999999
1059,111,-1.4
1060,111,-1.4
1061,111,-1.4
1062,111,-1.4
1063,111,-1.4
1064,111,-1.4
1065,111,-1.4
1066,011,-0.7999999999999999
1067,011,-0.7999999999999999
1068,011,-0.7999999999999999
1069,011,-0.7999999999999999
1070,111,-1.4
1071,111,-1.4
1072,011,-0.7999999999999999
1073,011,-0.7999999999999999
1074,011,-0.7999999999999999
1075,111,-1.4
1076,111,-1.4
1077,111,-1.4
1078,111,-1.4
1079,111,-1.4
1080,110,-0.9
1081,010,0.1
1082,011,-0.7999999999999999
1083,111,-1.4
1084,111,-1.4
1085,110,-0.9
1086,110,-0.9
1087,111,-1.4
1088,111,-1.4
1089,111,-1.4
1090,111,-1.4
1091,111,-1.4
1092,011,-0.7999999999999999
1093,011,-0.7999999999999999
1094,111,-1.4
1095,111,-1.4
1096,111,-1.4
1097,101,-0.09999999999999998
1098,101,-0.09999999999999998
1099,100,-0.2
1100,110,-0.9
1101,111,-1.4
1102,111,-1.4
1103,111,-1.4
1104,111,-1.4
1105,111,-1.4
1106,111,-1.4
1107,111,-1.4
1108,101,-0.09999999999999998
1109,100,-0.2
1110,100,-0.2
1111,100,-0.2
1112,100,-0.2
1113,101,-0.09999999999999998
1114,101,-0.09999999999999998
1115,101,-0.09999999999999998
1116,111,-1.4
1117,111,-1.4
1118,101,-0.09999999999999998
1119,111,-1.4
1120,111,-1.4
1121,011,-0.7999999999999999
1122,010,0.1
1123,011,-0.7999999999999999
1124,111,-1.4
1125,111,-1.4
1126,111,-1.4
1127,111,-1.4
1128,101,-0.09999999999999998
1129,100,-0.2
1130,100,-0.2
1131,110,-0.9
1132,010,0.1
1133,010,0.1
1134,011,-0.7999999999999999
1135,001,-0.3
1136,001,-0.3
1137,011,-0.7999999999999999
1138,011,-0.7999999999999999
1139,111,-1.4
1140,101,-0.09999999999999998
1141,111,-1.4
1142,111,-1.4
1143,011,-0.7999999999999999
1144,011,-0.7999999999999999
1145,010,0.1
1146,000,-0.0
1147,100,-0.2
1148,101,-0.09999999999999998
1149,101,-0.09999999999999998
1150,101,-0.09999999999999998
1151,111,-1.4
1152,111,-1.4
1153,111,-1.4
1154,111,-1.4
1155,111,-1.4
1156,111,-1.4
1157,111,-1.4
1158,110,-0.9
1159,110,-0.9
1160,100,-0.2
1161,101,-0.09999999999999998
1162,100,-0.2
1163,110,-0.9
1164,010,0.1
1165,000,-0.0
1166,000,-0.0
1167,001,-0.3
1168,011,-0.7999999999999999
1169,011,-0.7999999999999999
1170,011,-0.7999999999999999
1171,010,0.1
1172,010,0.1
1173,000,-0.0
1174,000,-0.0
1175,001,-0.3
1176,001,-0.3
1177,000,-0.0
1178,000,-0.0
1179,000,-0.0
1180,010,0.1
1181,110,-0.9
1182,100,-0.2
1183,000,-0.0
1184,001,-0.3
1185,101,-0.09999999999999998
1186,101,-0.09999999999999998
1187,101,-0.09999999999999998
1188,001,-0.3
1189,001,-0.3
1190,001,-0.3
1191,011,-0.7999999999999999
1192,010,0.1
1193,011,-0.7999999999999999
1194,111,-1.4
1195,111,-1.4
1196,011,-0.7999999999999999
1197,011,-0.7999999999999999
1198,011,-0.7999999999999999
1199,011,-0.7999999999999999
1200,011,-0.7999999999999999
1201,011,-0.7999999999999999
1202,011,-0.7999999999999999
1203,011,-0.7999999999999999
1204,111,-1.4
1205,111,-1.4
1206,111,-1.4
1207,111,-1.4
1208,011,-0.7999999999999999
1209,001,-0.3
1210,001,-0.3
1211,000,-0.0
1212,000,-0.0
1213,100,-0.2
1214,100,-0.2
1215,100,-0.2
1216,000,-0.0
1217,010,0.1
1218,110,-0.9
1219,010,0.1
1220,110,-0.9
1221,110,-0.9
1222,111,-1.4
1223,110,-0.9
1224,110,-0.9
1225,110,-0.9
1226,110,-0.9
1227,110,-0.9
1228,110,-0.9
1229,110,-0.9
1230,110,-0.9
1231,010,0.1
1232,110,-0.9
1233,100,-0.2
1234,100,-0.2
1235,110,-0.9
1236,111,-1.4
1237,111,-1.4
1238,110,-0.9
1239,110,-0.9
1240,110,-0.9
1241,100,-0.2
1242,101,-0.09999999999999998
1243,001,-0.3
1244,011,-0.7999999999999999
1245,111,-1.4
1246,111,-1.4
1247,111,-1.4
1248,111,-1.4
1249,111,-1.4
1250,111,-1.4
1251,110,-0.9
1252,110,-0.9
1253,010,0.1
1254,010,0.1
1255,110,-0.9
1256,110,-0.9
1257,110,-0.9
1258,110,-0.9
1259,110,-0.9
1260,100,-0.2
1261,100,-0.2
1262,000,-0.0
1263,010,0.1
1264,010,0.1
1265,110,-0.9
1266,010,0.1
1267,011,-0.7999999999999999
1268,011,-0.7999999999999999
1269,001,-0.3
1270,001,-0.3
1271,011,-0.7999999999999999
1272,111,-1.4
1273,111,-1.4
1274,111,-1.4
1275,101,-0.09999999999999998
1276,101,-0.09999999999999998
1277,100,-0.2
1278,100,-0.2
1279,000,-0.0
1280,010,0.1
1281,010,0.1
1282,110,-0.9
1283,110,-0.9
1284,110,-0.9
1285,110,-0.9
1286,110,-0.9
1287,110,-0.9
1288,100,-0.2
1289,110,-0.9
1290,110,-0.9
1291,110,-0.9
1292,110,-0.9
1293,110,-0.9
1294,111,-1.4
1295,110,-0.9
1296,100,-0.2
1297,100,-0.2
1298,100,-0.2
1299,000,-0.0
1300,010,0.1
1301,011,-0.7999999999999999
1302,011,-0.7999999999999999
1303,011,-0.7999999999999999
1304,011,-0.7999999999999999
1305,011,-0.7999999999999999
1306,111,-1.4
1307,111,-1.4
1308,110,-0.9
1309,110,-0.9
1310,100,-0.2
1311,000,-0.0
1312,001,-0.3
1313,001,-0.3
1314,001,-0.3
1315,001,-0.3
1316,001,-0.3
1317,011,-0.7999999999999999
1318,111,-1.4
1319,111,-1.4
1320,111,-1.4
1321,111,-1.4
1322,101,-0.09999999999999998
1323,101,-0.09999999999999998
1324,101,-0.09999999999999998
1325,100,-0.2
1326,100,-0.2
1327,000,-0.0
1328,001,-0.3
1329,001,-0.3
1330,000,-0.0
1331,010,0.1
1332,110,-0.9
1333,110,-0.9
1334,110,-0.9
1335,010,0.1
1336,110,-0.9
1337,110,-0.9
1338,110,-0.9
1339,110,-0.9
1340,110,-0.9
1341,110,-0.9
1342,010,0.1
1343,010,0.1
1344,010,0.1
1345,000,-0.0
1346,100,-0.2
1347,000,-0.0
1348,000,-0.0
1349,000,-0.0
1350,000,-0.0
1351,100,-0.2
1352,101,-0.09999999999999998
1353,111,-1.4
1354,111,-1.4
1355,110,-0.9
1356,110,-0.9
1357,110,-0.9
1358,110,-0.9
1359,111,-1.4
1360,101,-0.09999999999999998
1361,100,-0.2
1362,110,-0.9
1363,110,-0.9
1364,110,-0.9
1365,110,-0.9
1366,110,-0.9
1367,110,-0.9
1368,100,-0.2
1369,101,-0.09999999999999998
1370,001,-0.3
1371,001,-0.3
1372,011,-0.7999999999999999
1373,111,-1.4
1374,111,-1.4
1375,101,-0.09999999999999998
1376,101,-0.09999999999999998
1377,100,-0.2
1378,100,-0.2
1379,100,-0.2
1380,110,-0.9
1381,100,-0.2
1382,000,-0.0
1383,000,-0.0
1384,100,-0.2
1385,100,-0.2
1386,100,-0.2
1387,101,-0.09999999999999998
1388,101,-0.09999999999999998
1389,111,-1.4
1390,111,-1.4
1391,011,-0.7999999999999999
1392,111,-1.4
1393,011,-0.7999999999999999
1394,001,-0.3
1395,001,-0.3
1396,000,-0.0
1397,001,-0.3
1398,000,-0.0
1399,010,0.1
1400,000,-0.0
1401,010,0.1
1402,011,-0.7999999999999999
1403,111,-1.4
1404,111,-1.4
1405,011,-0.7999999999999999
1406,011,-0.7999999999999999
1407,011,-0.7999999999999999
1408,011,-0.7999999999999999
1409,001,-0.3
1410,011,-0.7999999999999999
1411,010,0.1
1412,010,0.1
1413,000,-0.0
1414,001,-0.3
1415,011,-0.7999999999999999
1416,011,-0.7999999999999999
1417,011,-0.7999999999999999
1418,111,-1.4
1419,111,-1.4
1420,111,-1.4
1421,011,-0.7999999999999999
1422,111,-1.4
1423,011,-0.7999999999999999
1424,011,-0.7999999999999999
1425,111,-1.4
1426,011,-0.7999999999999999
1427,011,-0.7999999999999999
1428,011,-0.7999999999999999
1429,010,0.1
1430,010,0.1
1431,011,-0.7999999999999999
1432,011,-0.7999999999999999
1433,001,-0.3
1434,001,-0.3
1435,011,-0.7999999999999999
1436,011,-0.7999999999999999
1437,011,-0.7999999999999999
1438,011,-0.7999999999999999
1439,011,-0.7999999999999999
1440,001,-0.3
1441,001,-0.3
1442,001,-0.3
1443,101,-0.09999999999999998
1444,001,-0.3
1445,011,-0.7999999999999999
1446,111,-1.4
1447,111,-1.4
1448,111,-1.4
1449,111,-1.4
1450,111,-1.4
1451,111,-1.4
1452,111,-1.4
1453,111,-1.4
1454,111,-1.4
1455,101,-0.09999999999999998
1456,101,-0.09999999999999998
1457,001,-0.3
1458,011,-0.7999999999999999
1459,011,-0.7999999999999999
1460,111,-1.4
1461,111,-1.4
1462,011,-0.7999999999999999
1463,011,-0.7999999999999999
1464,111,-1.4
1465,111,-1.4
1466,111,-1.4
1467,111,-1.4
1468,101,-0.09999999999999998
1469,101,-0.09999999999999998
1470,001,-0.3
1471,001,-0.3
1472,001,-0.3
1473,001,-0.3
1474,001,-0.3
1475,001,-0.3
1476,011,-0.7999999999999999
1477,010,0.1
1478,010,0.1
1479,000,-0.0
1480,010,0.1
1481,011,-0.7999999999999999
1482,111,-1.4
1483,111,-1.4
1484,110,-0.9
1485,111,-1.4
1486,110,-0.9
1487,010,0.1
1488,011,-0.7999999999999999
1489,011,-0.7999999999999999
1490,011,-0.7999999999999999
1491,011,-0.7999999999999999
1492,011,-0.7999999999999999
1493,011,-0.7999999999999999
1494,011,-0.7999999999999999
1495,011,-0.7999999999999999
1496,011,-0.7999999999999999
1497,010,0.1
1498,011,-0.7999999999999999
1499,010,0.1
1500,011,-0.7999999999999999
1501,011,-0.7999999999999999
1502,011,-0.7999999999999999
1503,111,-1.4
1504,111,-1.4
1505,111,-1.4
1506,111,-1.4
1507,111,-1.4
1508,111,-1.4
1509,011,-0.7999999999999999
1510,011,-0.7999999999999999
1511,011,-0.7999999999999999
1512,111,-1.4
1513,110,-0.9
1514,110,-0.9
1515,110,-0.9
1516,110,-0.9
1517,111,-1.4
1518,011,-0.7999999999999999
1519,010,0.1
1520,000,-0.0
1521,001,-0.3
1522,000,-0.0
1523,000,-0.0
1524,001,-0.3
1525,001,-0.3
1526,001,-0.3
1527,000,-0.0
1528,001,-0.3
1529,011,-0.7999999999999999
1530,011,-0.7999999999999999
1531,011,-0.7999999999999999
1532,011,-0.7999999999999999
1533,011,-0.7999999999999999
1534,011,-0.7999999999999999
1535,011,-0.7999999999999999
1536,011,-0.7999999999999999
1537,010,0.1
1538,010,0.1
1539,000,-0.0
1540,001,-0.3
1541,011,-0.7999999999999999
1542,010,0.1
1543,010,0.1
1544,010,0.1
1545,010,0.1
1546,110,-0.9
1547,110,-0.9
1548,111,-1.4
1549,011,-0.7999999999999999
1550,010,0.1
1551,010,0.1
1552,000,-0.0
1553,010,0.1
1554,010,0.1
1555,000,-0.0
1556,001,-0.3
1557,001,-0.3
1558,000,-0.0
1559,010,0.1
1560,011,-0.7999999999999999
1561,001,-0.3
1562,001,-0.3
1563,101,-0.09999999999999998
1564,101,-0.09999999999999998
1565,101,-0.09999999999999998
1566,111,-1.4
1567,111,-1.4
1568,111,-1.4
1569,111,-1.4
1570,110,-0.9
1571,111,-1.4
1572,110,-0.9
1573,100,-0.2
1574,100,-0.2
1575,110,-0.9
1576,111,-1.4
1577,111,-1.4
1578,111,-1.4
1579,110,-0.9
1580,111,-1.4
1581,111,-1.4
1582,110,-0.9
1583,110,-0.9
1584,110,-0.9
1585,110,-0.9
1586,110,-0.9
1587,110,-0.9
1588,110,-0.9
1589,110,-0.9
1590,111,-1.4
1591,111,-1.4
1592,111,-1.4
1593,111,-1.4
1594,110,-0.9
1595,110,-0.9
1596,110,-0.9
1597,110,-0.9
1598,110,-0.9
1599,110,-0.9
1600,010,0.1
1601,110,-0.9
1602,111,-1.4
1603,111,-1.4
1604,011,-0.7999999999999999
1605,011,-0.7999999999999999
1606,111,-1.4
1607,110,-0.9
1608,110,-0.9
1609,110,-0.9
1610,110,-0.9
1611,110,-0.9
1612,110,-0.9
1613,100,-0.2
1614,110,-0.9
1615,010,0.1
1616,000,-0.0
1617,010,0.1
1618,110,-0.9
1619,110,-0.9
1620,100,-0.2
1621,100,-0.2
1622,101,-0.09999999999999998
1623,101,-0.09999999999999998
1624,111,-1.4
1625,111,-1.4
1626,111,-1.4
1627,111,-1.4
1628,111,-1.4
1629,111,-1.4
1630,111,-1.4
1631,110,-0.9
1632,010,0.1
1633,011,-0.7999999999999999
1634,010,0.1
1635,010,0.1
1636,110,-0.9
1637,110,-0.9
1638,110,-0.9
1639,010,0.1
1640,011,-0.7999999999999999
1641,001,-0.3
1642,000,-0.0
1643,000,-0.0
1644,010,0.1
1645,010,0.1
1646,011,-0.7999999999999999
1647,001,-0.3
1648,000,-0.0
1649,000,-0.0
1650,001,-0.3
1651,001,-0.3
1652,001,-0.3
1653,011,-0.7999999999999999
1654,011,-0.7999999999999999
1655,011,-0.7999999999999999
1656,011,-0.7999999999999999
1657,111,-1.4
1658,111,-1.4
1659,111,-1.4
1660,111,-1.4
1661,111,-1.4
1662,111,-1.4
1663,111,-1.4
1664,101,-0.09999999999999998
1665,111,-1.4
1666,111,-1.4
1667,111,-1.4
1668,111,-1.4
1669,111,-1.4
1670,111,-1.4
1671,110,-0.9
1672,111,-1.4
1673,111,-1.4
1674,111,-1.4
1675,110,-0.9
1676,110,-0.9
1677,110,-0.9
1678,111,-1.4
1679,111,-1.4
1680,111,-1.4
1681,110,-0.9
1682,010,0.1
1683,011,-0.7999999999999999
1684,001,-0.3
1685,001,-0.3
1686,001,-0.3
1687,001,-0.3
1688,000,-0.0
1689,000,-0.0
1690,000,-0.0
1691,000,-0.0
1692,100,-0.2
1693,100,-0.2
1694,100,-0.2
1695,100,-0.2
1696,110,-0.9
1697,111,-1.4
1698,111,-1.4
1699,110,-0.9
1700,110,-0.9
1701,110,-0.9
1702,110,-0.9
1703,111,-1.4
1704,011,-0.7999999999999999
1705,111,-1.4
1706,111,-1.4
1707,110,-0.9
1708,111,-1.4
1709,011,-0.7999999999999999
1710,111,-1.4
1711,111,-1.4
1712,111,-1.4
1713,101,-0.09999999999999998
1714,100,-0.2
1715,100,-0.2
1716,100,-0.2
1717,100,-0.2
1718,100,-0.2
1719,000,-0.0
1720,001,-0.3
1721,001,-0.3
1722,101,-0.09999999999999998
1723,100,-0.2
1724,100,-0.2
1725,000,-0.0
1726,001,-0.3
1727,001,-0.3
1728,001,-0.3
1729,101,-0.09999999999999998
1730,101,-0.09999999999999998
1731,111,-1.4
1732,101,-0.09999999999999998
1733,001,-0.3
1734,000,-0.0
1735,001,-0.3
1736,001,-0.3
1737,001,-0.3
1738,001,-0.3
1739,001,-0.3
1740,000,-0.0
1741,001,-0.3
1742,011,-0.7999999999999999
1743,111,-1.4
1744,111,-1.4
1745,011,-0.7999999999999999
1746,011,-0.7999999999999999
1747,111,-1.4
1748,110,-0.9
1749,100,-0.2
1750,100,-0.2
1751,101,-0.09999999999999998
1752,101,-0.09999999999999998
1753,101,-0.09999999999999998
1754,001,-0.3
1755,001,-0.3
1756,101,-0.09999999999999998
1757,100,-0.2
1758,101,-0.09999999999999998
1759,111,-1.4
1760,111,-1.4
1761,111,-1.4
1762,111,-1.4
1763,111,-1.4
1764,111,-1.4
1765,110,-0.9
1766,110,-0.9
1767,110,-0.9
1768,110,-0.9
1769,110,-0.9
1770,110,-0.9
1771,010,0.1
1772,000,-0.0
1773,001,-0.3
1774,101,-0.09999999999999998
1775,111,-1.4
1776,111,-1.4
1777,101,-0.09999999999999998
1778,101,-0.09999999999999998
1779,111,-1.4
1780,011,-0.7999999999999999
1781,010,0.1
1782,011,-0.7999999999999999
1783,111,-1.4
1784,111,-1.4
1785,111,-1.4
1786,110,-0.9
1787,100,-0.2
1788,100,-0.2
1789,101,-0.09999999999999998
1790,100,-0.2
1791,110,-0.9
1792,110,-0.9
1793,110,-0.9
1794,111,-1.4
1795,011,-0.7999999999999999
1796,011,-0.7999999999999999
1797,010,0.1
1798,110,-0.9
1799,111,-1.4
1800,111,-1.4
1801,111,-1.4
1802,111,-1.4
1803,110,-0.9
1804,110,-0.9
1805,110,-0.9
1806,110,-0.9
1807,110,-0.9
1808,110,-0.9
1809,010,0.1
1810,010,0.1
1811,000,-0.0
1812,001,-0.3
1813,011,-0.7999999999999999
1814,011,-0.7999999999999999
1815,011,-0.7999999999999999
1816,011,-0.7999999999999999
1817,111,-1.4
1818,111,-1.4
1819,111,-1.4
1820,110,-0.9
1821,110,-0.9
1822,110,-0.9
1823,111,-1.4
1824,111,-1.4
1825,111,-1.4
1826,111,-1.4
1827,111,-1.4
1828,111,-1.4
1829,111,-1.4
1830,111,-1.4
1831,111,-1.4
1832,111,-1.4
1833,111,-1.4
1834,111,-1.4
1835,111,-1.4
1836,111,-1.4
1837,111,-1.4
1838,110,-0.9
1839,111,-1.4
1840,110,-0.9
1841,111,-1.4
1842,111,-1.4
1843,111,-1.4
1844,110,-0.9
1845,110,-0.9
1846,110,-0.9
1847,111,-1.4
1848,111,-1.4
1849,111,-1.4
1850,111,-1.4
1851,110,-0.9
1852,110,-0.9
1853,110,-0.9
1854,100,-0.2
1855,100,-0.2
1856,101,-0.09999999999999998
1857,100,-0.2
1858,000,-0.0
1859,000,-0.0
1860,000,-0.0
1861,100,-0.2
1862,101,-0.09999999999999998
1863,100,-0.2
1864,000,-0.0
1865,001,-0.3
1866,001,-0.3
1867,001,-0.3
1868,001,-0.3
1869,101,-0.09999999999999998
1870,101,-0.09999999999999998
1871,001,-0.3
1872,000,-0.0
1873,001,-0.3
1874,101,-0.09999999999999998
1875,101,-0.09999999999999998
1876,111,-1.4
1877,111,-1.4
1878,111,-1.4
1879,111,-1.4
1880,101,-0.09999999999999998
1881,101,-0.09999999999999998
1882,100,-0.2
1883,101,-0.09999999999999998
1884,111,-1.4
1885,111,-1.4
1886,111,-1.4
1887,110,-0.9
1888,010,0.1
1889,000,-0.0
1890,001,-0.3
1891,001,-0.3
1892,101,-0.09999999999999998
1893,101,-0.09999999999999998
1894,001,-0.3
1895,000,-0.0
1896,000,-0.0
1897,000,-0.0
1898,000,-0.0
1899,000,-0.0
1900,000,-0.0
1901,010,0.1
1902,000,-0.0
1903,100,-0.2
1904,101,-0.09999999999999998
1905,101,-0.09999999999999998
1906,111,-1.4
1907,111,-1.4
1908,111,-1.4
1909,101,-0.09999999999999998
1910,101,-0.09999999999999998
1911,001,-0.3
1912,001,-0.3
1913,101,-0.09999999999999998
1914,100,-0.2
1915,101,-0.09999999999999998
1916,101,-0.09999999999999998
1917,001,-0.3
1918,001,-0.3
1919,101,-0.09999999999999998
1920,111,-1.4
1921,101,-0.09999999999999998
1922,101,-0.09999999999999998
1923,101,-0.09999999999999998
1924,100,-0.2
1925,101,-0.09999999999999998
1926,101,-0.09999999999999998
1927,100,-0.2
1928,101,-0.09999999999999998
1929,111,-1.4
1930,111,-1.4
1931,110,-0.9
1932,110,-0.9
1933,111,-1.4
1934,111,-1.4
1935,011,-0.7999999999999999
1936,001,-0.3
1937,011,-0.7999999999999999
1938,111,-1.4
1939,111,-1.4
1940,101,-0.09999999999999998
1941,111,-1.4
1942,111,-1.4
1943,111,-1.4
1944,111,-1.4
1945,111,-1.4
1946,111,-1.4
1947,110,-0.9
1948,111,-1.4
1949,110,-0.9
1950,110,-0.9
1951,110,-0.9
1952,110,-0.9
1953,110,-0.9
1954,010,0.1
1955,010,0.1
1956,011,-0.7999999999999999
1957,111,-1.4
1958,111,-1.4
1959,111,-1.4
1960,111,-1.4
1961,011,-0.7999999999999999
1962,011,-0.7999999999999999
1963,011,-0.7999999999999999
1964,001,-0.3
1965,001,-0.3
1966,001,-0.3
1967,101,-0.09999999999999998
1968,111,-1.4
1969,011,-0.7999999999999999
1970,111,-1.4
1971,111,-1.4
1972,101,-0.09999999999999998
1973,101,-0.09999999999999998
1974,101,-0.09999999999999998
1975,111,-1.4
1976,110,-0.9
1977,110,-0.9
1978,111,-1.4
1979,111,-1.4
1980,101,-0.09999999999999998
1981,111,-1.4
1982,111,-1.4
1983,111,-1.4
1984,111,-1.4
1985,011,-0.7999999999999999
1986,011,-0.7999999999999999
1987,011,-0.7999999999999999
1988,111,-1.4
1989,111,-1.4
1990,111,-1.4
1991,110,-0.9
1992,111,-1.4
1993,110,-0.9
1994,110,-0.9
1995,110,-0.9
1996,100,-0.2
1997,100,-0.2
1998,100,-0.2
1999,101,-0.09999999999999998
2000,001,-0.3
2001,001,-0.3
2002,001,-0.3
2003,001,-0.3
2004,000,-0.0
2005,100,-0.2
2006,100,-0.2
2007,100,-0.2
2008,100,-0.2
2009,100,-0.2
2010,100,-0.2
2011,100,-0.2
2012,110,-0.9
2013,110,-0.9
2014,111,-1.4
2015,111,-1.4
2016,111,-1.4
2017,101,-0.09999999999999998
2018,111,-1.4
2019,111,-1.4
2020,111,-1.4
2021,110,-0.9
2022,100,-0.2
2023,100,-0.2
2024,110,-0.9
2025,110,-0.9
2026,110,-0.9
2027,110,-0.9
2028,110,-0.9
2029,110,-0.9
2030,111,-1.4
2031,110,-0.9
2032,110,-0.9
2033,110,-0.9
2034,100,-0.2
2035,100,-0.2
2036,100,-0.2
2037,110,-0.9
2038,010,0.1
2039,011,-0.7999999999999999
2040,001,-0.3
2041,011,-0.7999999999999999
2042,001,-0.3
2043,000,-0.0
2044,000,-0.0
2045,000,-0.0
2046,000,-0.0
2047,010,0.1
2048,010,0.1
2049,010,0.1
2050,010,0.1
2051,011,-0.7999999999999999
2052,011,-0.7999999999999999
2053,111,-1.4
2054,111,-1.4
2055,111,-1.4
2056,111,-1.4
2057,111,-1.4
2058,111,-1.4
2059,111,-1.4
2060,110,-0.9
2061,111,-1.4
2062,110,-0.9
2063,110,-0.9
2064,111,-1.4
2065,111,-1.4
2066,111,-1.4
2067,111,-1.4
2068,111,-1.4
2069,110,-0.9
2070,110,-0.9
2071,111,-1.4
2072,111,-1.4
2073,111,-1.4
2074,111,-1.4
2075,111,-1.4
2076,111,-1.4
2077,110,-0.9
2078,110,-0.9
2079,110,-0.9
2080,110,-0.9
2081,110,-0.9
2082,110,-0.9
2083,110,-0.9
2084,110,-0.9
2085,111,-1.4
2086,111,-1.4
2087,111,-1.4
2088,111,-1.4
2089,111,-1.4
2090,111,-1.4
2091,111,-1.4
2092,110,-0.9
2093,100,-0.2
2094,110,-0.9
2095,110,-0.9
2096,110,-0.9
2097,110,-0.9
2098,110,-0.9
2099,111,-1.4
2100,111,-1.4
2101,101,-0.09999999999999998
2102,100,-0.2
2103,110,-0.9
2104,010,0.1
2105,010,0.1
2106,011,-0.7999999999999999
2107,011,-0.7999999999999999
2108,001,-0.3
2109,000,-0.0
2110,000,-0.0
2111,010,0.1
2112,011,-0.7999999999999999
2113,011,-0.7999999999999999
2114,001,-0.3
2115,001,-0.3
2116,011,-0.7999999999999999
2117,011,-0.7999999999999999
2118,011,-0.7999999999999999
2119,011,-0.7999999999999999
2120,011,-0.7999999999999999
2121,010,0.1
2122,010,0.1
2123,010,0.1
2124,000,-0.0
2125,100,-0.2
2126,110,-0.9
2127,110,-0.9
2128,110,-0.9
2129,110,-0.9
2130,110,-0.9
2131,100,-0.2
2132,101,-0.09999999999999998
2133,111,-1.4
2134,110,-0.9
2135,100,-0.2
2136,100,-0.2
2137,110,-0.9
2138,110,-0.9
2139,100,-0.2
2140,100,-0.2
2141,101,-0.09999999999999998
2142,101,-0.09999999999999998
2143,111,-1.4
2144,111,-1.4
2145,111,-1.4
2146,011,-0.7999999999999999
2147,011,-0.7999999999999999
2148,010,0.1
2149,010,0.1
2150,010,0.1
2151,010,0.1
2152,110,-0.9
2153,100,-0.2
2154,101,-0.09999999999999998
2155,111,-1.4
2156,111,-1.4
2157,111,-1.4
2158,011,-0.7999999999999999
2159,111,-1.4
2160,110,-0.9
2161,100,-0.2
2162,110,-0.9
2163,110,-0.9
2164,110,-0.9
2165,110,-0.9
2166,110,-0.9
2167,111,-1.4
2168,101,-0.09999999999999998
2169,001,-0.3
2170,001,-0.3
2171,001,-0.3
2172,000,-0.0
2173,001,-0.3
2174,000,-0.0
2175,001,-0.3
2176,101,-0.09999999999999998
2177,101,-0.09999999999999998
2178,111,-1.4
2179,111,-1.4
2180,111,-1.4
2181,101,-0.09999999999999998
2182,101,-0.09999999999999998
2183,001,-0.3
2184,101,-0.09999999999999998
2185,111,-1.4
2186,111,-1.4
2187,111,-1.4
2188,111,-1.4
2189,111,-1.4
2190,111,-1.4
2191,011,-0.7999999999999999
2192,011,-0.7999999999999999
2193,011,-0.7999999999999999
2194,001,-0.3
2195,011,-0.7999999999999999
2196,011,-0.7999999999999999
2197,011,-0.7999999999999999
2198,111,-1.4
2199,111,-1.4
2200,110,-0.9
2201,100,-0.2
2202,100,-0.2
2203,110,-0.9
2204,010,0.1
2205,010,0.1
2206,011,-0.7999999999999999
2207,111,-1.4
2208,011,-0.7999999999999999
2209,111,-1.4
2210,111,-1.4
2211,111,-1.4
2212,111,-1.4
2213,111,-1.4
2214,110,-0.9
2215,100,-0.2
2216,000,-0.0
2217,010,0.1
2218,010,0.1
2219,011,-0.7999999999999999
2220,111,-1.4
2221,111,-1.4
2222,111,-1.4
2223,111,-1.4
2224,110,-0.9
2225,111,-1.4
2226,111,-1.4
2227,111,-1.4
2228,011,-0.7999999999999999
2229,011,-0.7999999999999999
2230,011,-0.7999999999999999
2231,111,-1.4
2232,011,-0.7999999999999999
2233,011,-0.7999999999999999
2234,011,-0.7999999999999999
2235,011,-0.7999999999999999
2236,010,0.1
2237,010,0.1
2238,010,0.1
2239,000,-0.0
2240,001,-0.3
2241,001,-0.3
2242,011,-0.7999999999999999
2243,011,-0.7999999999999999
2244,011,-0.7999999999999999
2245,001,-0.3
2246,001,-0.3
2247,011,-0.7999999999999999
2248,111,-1.4
2249,111,-1.4
2250,111,-1.4
2251,011,-0.7999999999999999
2252,001,-0.3
2253,000,-0.0
2254,001,-0.3
2255,001,-0.3
2256,011,-0.7999999999999999
2257,001,-0.3
2258,101,-0.09999999999999998
2259,001,-0.3
2260,001,-0.3
2261,101,-0.09999999999999998
2262,001,-0.3
2263,011,-0.7999999999999999
2264,011,-0.7999999999999999
2265,111,-1.4
2266,111,-1.4
2267,111,-1.4
2268,111,-1.4
2269,110,-0.9
2270,111,-1.4
2271,110,-0.9
2272,110,-0.9
2273,110,-0.9
2274,110,-0.9
2275,110,-0.9
2276,110,-0.9
2277,110,-0.9
2278,110,-0.9
2279,111,-1.4
2280,011,-0.7999999999999999
2281,011,-0.7999999999999999
2282,011,-0.7999999999999999
2283,010,0.1
2284,110,-0.9
2285,100,-0.2
2286,100,-0.2
2287,100,-0.2
2288,110,-0.9
2289,110,-0.9
2290,111,-1.4
2291,111,-1.4
2292,111,-1.4
2293,111,-1.4
2294,011,-0.7999999999999999
2295,011,-0.7999999999999999
2296,011,-0.7999999999999999
2297,001,-0.3
2298,001,-0.3
2299,101,-0.09999999999999998
2300,101,-0.09999999999999998
2301,001,-0.3
2302,011,-0.7999999999999999
2303,111,-1.4
2304,111,-1.4
2305,111,-1.4
2306,111,-1.4
2307,011,-0.7999999999999999
2308,111,-1.4
2309,111,-1.4
2310,111,-1.4
2311,111,-1.4
2312,101,-0.09999999999999998
2313,001,-0.3
2314,011,-0.7999999999999999
2315,011,-0.7999999999999999
2316,010,0.1
2317,011,-0.7999999999999999
2318,011,-0.7999999999999999
2319,011,-0.7999999999999999
2320,111,-1.4
2321,111,-1.4
2322,111,-1.4
2323,111,-1.4
2324,111,-1.4
2325,111,-1.4
2326,111,-1.4
2327,111,-1.4
2328,111,-1.4
2329,011,-0.7999999999999999
2330,011,-0.7999999999999999
2331,010,0.1
2332,110,-0.9
2333,100,-0.2
2334,101,-0.09999999999999998
2335,001,-0.3
2336,001,-0.3
2337,011,-0.7999999999999999
2338,011,-0.7999999999999999
2339,010,0.1
2340,010,0.1
2341,010,0.1
2342,000,-0.0
2343,100,-0.2
2344,000,-0.0
2345,000,-0.0
2346,000,-0.0
2347,000,-0.0
2348,010,0.1
2349,011,-0.7999999999999999
2350,011,-0.7999999999999999
2351,011,-0.7999999999999999
2352,011,-0.7999999999999999
2353,111,-1.4
2354,101,-0.09999999999999998
2355,100,-0.2
2356,100,-0.2
2357,101,-0.09999999999999998
2358,111,-1.4
2359,111,-1.4
2360,111,-1.4
2361,111,-1.4
2362,111,-1.4
2363,111,-1.4
2364,111,-1.4
2365,111,-1.4
2366,110,-0.9
2367,100,-0.2
2368,110,-0.9
2369,110,-0.9
2370,110,-0.9
2371,110,-0.9
2372,111,-1.4
2373,011,-0.7999999999999999
2374,011,-0.7999999999999999
2375,001,-0.3
2376,101,-0.09999999999999998
2377,111,-1.4
2378,111,-1.4
2379,111,-1.4
2380,101,-0.09999999999999998
2381,001,-0.3
2382,001,-0.3
2383,011,-0.7999999999999999
2384,111,-1.4
2385,111,-1.4
2386,111,-1.4
2387,111,-1.4
2388,111,-1.4
2389,111,-1.4
2390,011,-0.7999999999999999
2391,111,-1.4
2392,111,-1.4
2393,111,-1.4
2394,111,-1.4
2395,111,-1.4
2396,111,-1.4
2397,111,-1.4
2398,011,-0.7999999999999999
2399,111,-1.4
2400,111,-1.4
2401,111,-1.4
2402,111,-1.4
2403,011,-0.7999999999999999
2404,010,0.1
2405,110,-0.9
2406,110,-0.9
2407,110,-0.9
2408,110,-0.9
2409,110,-0.9
2410,110,-0.9
2411,110,-0.9
2412,110,-0.9
2413,111,-1.4
2414,111,-1.4
2415,111,-1.4
2416,110,-0.9
2417,110,-0.9
2418,110,-0.9
2419,110,-0.9
2420,110,-0.9
2421,010,0.1
2422,010,0.1
2423,000,-0.0
2424,001,-0.3
2425,000,-0.0
2426,100,-0.2
2427,101,-0.09999999999999998
2428,001,-0.3
2429,001,-0.3
2430,011,-0.7999999999999999
2431,111,-1.4
2432,111,-1.4
2433,110,-0.9
2434,110,-0.9
2435,010,0.1
2436,000,-0.0
2437,001,-0.3
2438,000,-0.0
2439,000,-0.0
2440,000,-0.0
2441,000,-0.0
2442,001,-0.3
2443,001,-0.3
2444,101,-0.09999999999999998
2445,100,-0.2
2446,000,-0.0
2447,000,-0.0
2448,010,0.1
2449,010,0.1
2450,110,-0.9
2451,110,-0.9
2452,110,-0.9
2453,110,-0.9
2454,110,-0.9
2455,110,-0.9
2456,110,-0.9
2457,010,0.1
2458,000,-0.0
2459,100,-0.2
2460,000,-0.0
2461,100,-0.2
2462,100,-0.2
2463,000,-0.0
2464,010,0.1
2465,010,0.1
2466,010,0.1
2467,110,-0.9
2468,110,-0.9
2469,110,-0.9
2470,100,-0.2
2471,100,-0.2
2472,110,-0.9
2473,100,-0.2
2474,110,-0.9
2475,010,0.1
2476,110,-0.9
2477,110,-0.9
2478,110,-0.9
2479,111,-1.4
2480,111,-1.4
2481,011,-0.7999999999999999
2482,011,-0.7999999999999999
2483,011,-0.7999999999999999
2484,011,-0.7999999999999999
2485,011,-0.7999999999999999
2486,011,-0.7999999999999999
2487,011,-0.7999999999999999
2488,011,-0.7999999999999999
2489,111,-1.4
2490,110,-0.9
2491,111,-1.4
2492,111,-1.4
2493,111,-1.4
2494,111,-1.4
2495,111,-1.4
2496,011,-0.7999999999999999
2497,010,0.1
2498,110,-0.9
2499,110,-0.9
2500,110,-0.9
2501,111,-1.4
2502,111,-1.4
2503,111,-1.4
2504,110,-0.9
2505,111,-1.4
2506,111,-1.4
2507,111,-1.4
2508,111,-1.4
2509,111,-1.4
2510,111,-1.4
2511,111,-1.4
2512,111,-1.4
2513,110,-0.9
2514,110,-0.9
2515,110,-0.9
2516,100,-0.2
2517,100,-0.2
2518,000,-0.0
2519,100,-0.2
2520,100,-0.2
2521,110,-0.9
2522,110,-0.9
2523,111,-1.4
2524,111,-1.4
2525,111,-1.4
2526,110,-0.9
2527,111,-1.4
2528,111,-1.4
2529,110,-0.9
2530,110,-0.9
2531,110,-0.9
2532,110,-0.9
2533,110,-0.9
2534,010,0.1
2535,011,-0.7999999999999999
2536,011,-0.7999999999999999
2537,010,0.1
2538,110,-0.9
2539,110,-0.9
2540,110,-0.9
2541,110,-0.9
2542,010,0.1
2543,110,-0.9
2544,010,0.1
2545,010,0.1
2546,011,-0.7999999999999999
2547,011,-0.7999999999999999
2548,111,-1.4
2549,111,-1.4
2550,110,-0.9
2551,100,-0.2
2552,100,-0.2
2553,110,-0.9
2554,110,-0.9
2555,111,-1.4
2556,101,-0.09999999999999998
2557,101,-0.09999999999999998
2558,101,-0.09999999999999998
2559,111,-1.4
2560,111,-1.4
2561,111,-1.4
2562,111,-1.4
2563,110,-0.9
2564,110,-0.9
2565,110,-0.9
2566,111,-1.4
2567,111,-1.4
2568,111,-1.4
2569,011,-0.7999999999999999
2570,111,-1.4
2571,111,-1.4
2572,111,-1.4
2573,101,-0.09999999999999998
2574,101,-0.09999999999999998
2575,101,-0.09999999999999998
2576,100,-0.2
2577,110,-0.9
2578,110,-0.9
2579,110,-0.9
2580,111,-1.4
2581,111,-1.4
2582,111,-1.4
2583,111,-1.4
2584,111,-1.4
2585,110,-0.9
2586,110,-0.9
2587,110,-0.9
2588,110,-0.9
2589,110,-0.9
2590,111,-1.4
2591,111,-1.4
2592,111,-1.4
2593,111,-1.4
2594,111,-1.4
2595,111,-1.4
2596,011,-0.7999999999999999
2597,011,-0.7999999999999999
2598,011,-0.7999999999999999
2599,011,-0.7999999999999999
2600,011,-0.7999999999999999
2601,011,-0.7999999999999999
2602,011,-0.7999999999999999
2603,011,-0.7999999999999999
2604,010,0.1
2605,010,0.1
2606,010,0.1
2607,010,0.1
2608,011,-0.7999999999999999
2609,111,-1.4
2610,111,-1.4
2611,110,-0.9
2612,110,-0.9
2613,110,-0.9
2614,111,-1.4
2615,110,-0.9
2616,110,-0.9
2617,110,-0.9
2618,110,-0.9
2619,110,-0.9
2620,110,-0.9
2621,110,-0.9
2622,110,-0.9
2623,111,-1.4
2624,111,-1.4
2625,111,-1.4
2626,111,-1.4
2627,110,-0.9
2628,111,-1.4
2629,111,-1.4
2630,111,-1.4
2631,111,-1.4
2632,110,-0.9
2633,100,-0.2
2634,000,-0.0
2635,001,-0.3
2636,001,-0.3
2637,001,-0.3
2638,101,-0.09999999999999998
2639,111,-1.4
2640,111,-1.4
2641,111,-1.4
2642,111,-1.4
2643,111,-1.4
2644,111,-1.4
2645,111,-1.4
2646,111,-1.4
2647,111,-1.4
2648,111,-1.4
2649,111,-1.4
2650,111,-1.4
2651,110,-0.9
2652,110,-0.9
2653,110,-0.9
2654,110,-0.9
2655,110,-0.9
2656,100,-0.2
2657,101,-0.09999999999999998
2658,101,-0.09999999999999998
2659,111,-1.4
2660,111,-1.4
2661,111,-1.4
2662,110,-0.9
2663,111,-1.4
2664,111,-1.4
2665,110,-0.9
2666,111,-1.4
2667,101,-0.09999999999999998
2668,101,-0.09999999999999998
2669,001,-0.3
2670,000,-0.0
2671,001,-0.3
2672,001,-0.3
2673,001,-0.3
2674,001,-0.3
2675,001,-0.3
2676,011,-0.7999999999999999
2677,001,-0.3
2678,001,-0.3
2679,011,-0.7999999999999999
2680,011,-0.7999999999999999
2681,011,-0.7999999999999999
2682,011,-0.7999999999999999
2683,011,-0.7999999999999999
2684,010,0.1
2685,110,-0.9
2686,010,0.1
2687,110,-0.9
2688,110,-0.9
2689,110,-0.9
2690,100,-0.2
2691,110,-0.9
2692,110,-0.9
2693,111,-1.4
2694,111,-1.4
2695,110,-0.9
2696,111,-1.4
2697,111,-1.4
2698,111,-1.4
2699,011,-0.7999999999999999
2700,011,-0.7999999999999999
2701,011,-0.7999999999999999
2702,111,-1.4
2703,111,-1.4
2704,111,-1.4
2705,011,-0.7999999999999999
2706,011,-0.7999999999999999
2707,011,-0.7999999999999999
2708,011,-0.7999999999999999
2709,011,-0.7999999999999999
2710,011,-0.7999999999999999
2711,011,-0.7999999999999999
2712,011,-0.7999999999999999
2713,011,-0.7999999999999999
2714,111,-1.4
2715,111,-1.4
2716,111,-1.4
2717,111,-1.4
2718,111,-1.4
2719,111,-1.4
2720,011,-0.7999999999999999
2721,011,-0.7999999999999999
2722,001,-0.3
2723,101,-0.09999999999999998
2724,101,-0.09999999999999998
2725,101,-0.09999999999999998
2726,001,-0.3
2727,011,-0.7999999999999999
2728,011,-0.7999999999999999
2729,011,-0.7999999999999999
2730,001,-0.3
2731,101,-0.09999999999999998
2732,001,-0.3
2733,001,-0.3
2734,101,-0.09999999999999998
2735,101,-0.09999999999999998
2736,101,-0.09999999999999998
2737,001,-0.3
2738,000,-0.0
2739,000,-0.0
2740,000,-0.0
2741,100,-0.2
2742,101,-0.09999999999999998
2743,111,-1.4
2744,111,-1.4
2745,110,-0.9
2746,100,-0.2
2747,000,-0.0
2748,000,-0.0
2749,000,-0.0
2750,000,-0.0
2751,000,-0.0
2752,001,-0.3
2753,101,-0.09999999999999998
2754,100,-0.2
2755,100,-0.2
2756,110,-0.9
2757,111,-1.4
2758,101,-0.09999999999999998
2759,111,-1.4
2760,111,-1.4
2761,111,-1.4
2762,111,-1.4
2763,111,-1.4
2764,111,-1.4
2765,111,-1.4
2766,111,-1.4
2767,111,-1.4
2768,110,-0.9
2769,110,-0.9
2770,111,-1.4
2771,111,-1.4
2772,111,-1.4
2773,111,-1.4
2774,110,-0.9
2775,110,-0.9
2776,110,-0.9
2777,110,-0.9
2778,100,-0.2
2779,100,-0.2
2780,110,-0.9
2781,110,-0.9
2782,111,-1.4
2783,111,-1.4
2784,111,-1.4
2785,111,-1.4
2786,111,-1.4
2787,111,-1.4
2788,101,-0.09999999999999998
2789,100,-0.2
2790,100,-0.2
2791,000,-0.0
2792,000,-0.0
2793,010,0.1
2794,011,-0.7999999999999999
2795,111,-1.4
2796,110,-0.9
2797,110,-0.9
2798,111,-1.4
2799,110,-0.9
2800,110,-0.9
2801,110,-0.9
2802,111,-1.4
2803,011,-0.7999999999999999
2804,011,-0.7999999999999999
2805,011,-0.7999999999999999
2806,001,-0.3
2807,001,-0.3
2808,000,-0.0
2809,000,-0.0
2810,000,-0.0
2811,001,-0.3
2812,000,-0.0
2813,001,-0.3
2814,000,-0.0
2815,100,-0.2
2816,100,-0.2
2817,100,-0.2
2818,000,-0.0
2819,010,0.1
2820,010,0.1
2821,010,0.1
2822,010,0.1
2823,011,-0.7999999999999999
2824,111,-1.4
2825,111,-1.4
2826,111,-1.4
2827,111,-1.4
2828,111,-1.4
2829,011,-0.7999999999999999
2830,010,0.1
2831,000,-0.0
2832,100,-0.2
2833,110,-0.9
2834,110,-0.9
2835,110,-0.9
2836,110,-0.9
2837,010,0.1
2838,011,-0.7999999999999999
2839,111,-1.4
2840,111,-1.4
2841,110,-0.9
2842,100,-0.2
2843,100,-0.2
2844,101,-0.09999999999999998
2845,111,-1.4
2846,111,-1.4
2847,111,-1.4
2848,110,-0.9
2849,110,-0.9
2850,010,0.1
2851,010,0.1
2852,010,0.1
2853,010,0.1
2854,110,-0.9
2855,110,-0.9
2856,110,-0.9
2857,110,-0.9
2858,010,0.1
2859,011,-0.7999999999999999
2860,001,-0.3
2861,011,-0.7999999999999999
2862,011,-0.7999999999999999
2863,011,-0.7999999999999999
2864,011,-0.7999999999999999
2865,011,-0.7999999999999999
2866,011,-0.7999999999999999
2867,011,-0.7999999999999999
2868,011,-0.7999999999999999
2869,011,-0.7999999999999999
2870,011,-0.7999999999999999
2871,011,-0.7999999999999999
2872,011,-0.7999999999999999
2873,011,-0.7999999999999999
2874,111,-1.4
2875,111,-1.4
2876,111,-1.4
2877,111,-1.4
2878,111,-1.4
2879,101,-0.09999999999999998
2880,111,-1.4
2881,111,-1.4
2882,011,-0.7999999999999999
2883,011,-0.7999999999999999
2884,111,-1.4
2885,111,-1.4
2886,101,-0.09999999999999998
2887,100,-0.2
2888,101,-0.09999999999999998
2889,101,-0.09999999999999998
2890,101,-0.09999999999999998
2891,001,-0.3
2892,101,-0.09999999999999998
2893,101,-0.09999999999999998
2894,101,-0.09999999999999998
2895,100,-0.2
2896,110,-0.9
2897,010,0.1
2898,011,-0.7999999999999999
2899,010,0.1
2900,110,-0.9
2901,110,-0.9
2902,110,-0.9
2903,110,-0.9
2904,110,-0.9
2905,110,-0.9
2906,010,0.1
2907,000,-0.0
2908,100,-0.2
2909,100,-0.2
2910,101,-0.09999999999999998
2911,101,-0.09999999999999998
2912,101,-0.09999999999999998
2913,101,-0.09999999999999998
2914,101,-0.09999999999999998
2915,100,-0.2
2916,101,-0.09999999999999998
2917,001,-0.3
2918,001,-0.3
2919,001,-0.3
2920,011,-0.7999999999999999
2921,011,-0.7999999999999999
2922,011,-0.7999999999999999
2923,011,-0.7999999999999999
2924,011,-0.7999999999999999
2925,010,0.1
2926,000,-0.0
2927,000,-0.0
2928,100,-0.2
2929,100,-0.2
2930,110,-0.9
2931,110,-0.9
2932,100,-0.2
2933,110,-0.9
2934,110,-0.9
2935,110,-0.9
2936,110,-0.9
2937,110,-0.9
2938,100,-0.2
2939,100,-0.2
2940,100,-0.2
2941,110,-0.9
2942,100,-0.2
2943,101,-0.09999999999999998
2944,111,-1.4
2945,111,-1.4
2946,111,-1.4
2947,111,-1.4
2948,111,-1.4
2949,111,-1.4
2950,111,-1.4
2951,111,-1.4
2952,111,-1.4
2953,111,-1.4
2954,111,-1.4
2955,111,-1.4
2956,111,-1.4
2957,101,-0.09999999999999998
2958,111,-1.4
2959,111,-1.4
2960,111,-1.4
2961,111,-1.4
2962,111,-1.4
2963,111,-1.4
2964,110,-0.9
2965,110,-0.9
2966,111,-1.4
2967,011,-0.7999999999999999
2968,001,-0.3
2969,001,-0.3
2970,001,-0.3
2971,001,-0.3
2972,001,-0.3
2973,011,-0.7999999999999999
2974,111,-1.4
2975,110,-0.9
2976,010,0.1
2977,010,0.1
2978,110,-0.9
2979,100,-0.2
2980,000,-0.0
2981,100,-0.2
2982,110,-0.9
2983,110,-0.9
2984,111,-1.4
2985,110,-0.9
2986,111,-1.4
2987,111,-1.4
2988,111,-1.4
2989,111,-1.4
2990,111,-1.4
2991,111,-1.4
2992,111,-1.4
2993,111,-1.4
2994,111,-1.4
2995,111,-1.4
2996,111,-1.4
2997,111,-1.4
2998,111,-1.4
2999,111,-1.4
3000,111,-1.4
3001,110,-0.9
3002,110,-0.9
3003,100,-0.2
3004,110,-0.9
3005,100,-0.2
3006,110,-0.9
3007,110,-0.9
3008,111,-1.4
3009,111,-1.4
3010,111,-1.4
3011,111,-1.4
3012,110,-0.9
3013,010,0.1
3014,011,-0.7999999999999999
3015,011,-0.7999999999999999
3016,001,-0.3
3017,001,-0.3
3018,001,-0.3
3019,011,-0.7999999999999999
3020,011,-0.7999999999999999
3021,111,-1.4
3022,111,-1.4
3023,111,-1.4
3024,110,-0.9
3025,110,-0.9
3026,110,-0.9
3027,100,-0.2
3028,000,-0.0
3029,001,-0.3
3030,000,-0.0
3031,000,-0.0
3032,000,-0.0
3033,000,-0.0
3034,010,0.1
3035,000,-0.0
3036,000,-0.0
3037,001,-0.3
3038,101,-0.09999999999999998
3039,111,-1.4
3040,011,-0.7999999999999999
3041,011,-0.7999999999999999
3042,111,-1.4
3043,011,-0.7999999999999999
3044,001,-0.3
3045,011,-0.7999999999999999
3046,011,-0.7999999999999999
3047,011,-0.7999999999999999
3048,011,-0.7999999999999999
3049,011,-0.7999999999999999
3050,011,-0.7999999999999999
3051,011,-0.7999999999999999
3052,011,-0.7999999999999999
3053,011,-0.7999999999999999
3054,011,-0.7999999999999999
3055,111,-1.4
3056,111,-1.4
3057,111,-1.4
3058,110,-0.9
3059,110,-0.9
3060,110,-0.9
3061,100,-0.2
3062,110,-0.9
3063,110,-0.9
3064,111,-1.4
3065,111,-1.4
3066,111,-1.4
3067,011,-0.7999999999999999
3068,011,-0.7999999999999999
3069,111,-1.4
3070,110,-0.9
3071,110,-0.9
3072,110,-0.9
3073,010,0.1
3074,110,-0.9
3075,010,0.1
3076,000,-0.0
3077,000,-0.0
3078,100,-0.2
3079,100,-0.2
3080,110,-0.9
3081,111,-1.4
3082,111,-1.4
3083,111,-1.4
3084,101,-0.09999999999999998
3085,101,-0.09999999999999998
3086,111,-1.4
3087,111,-1.4
3088,111,-1.4
3089,111,-1.4
3090,110,-0.9
3091,110,-0.9
3092,100,-0.2
3093,100,-0.2
3094,100,-0.2
3095,100,-0.2
3096,100,-0.2
3097,100,-0.2
3098,100,-0.2
3099,100,-0.2
3100,110,-0.9
3101,110,-0.9
3102,110,-0.9
3103,111,-1.4
3104,111,-1.4
3105,110,-0.9
3106,110,-0.9
3107,110,-0.9
3108,110,-0.9
3109,110,-0.9
3110,110,-0.9
3111,100,-0.2
3112,101,-0.09999999999999998
3113,101,-0.09999999999999998
3114,101,-0.09999999999999998
3115,101,-0.09999999999999998
3116,001,-0.3
3117,011,-0.7999999999999999
3118,011,-0.7999999999999999
3119,011,-0.7999999999999999
3120,010,0.1
3121,010,0.1
3122,010,0.1
3123,110,-0.9
3124,010,0.1
3125,011,-0.7999999999999999
3126,111,-1.4
3127,111,-1.4
3128,111,-1.4
3129,111,-1.4
3130,110,-0.9
3131,110,-0.9
3132,100,-0.2
3133,100,-0.2
3134,100,-0.2
3135,100,-0.2
3136,100,-0.2
3137,000,-0.0
3138,000,-0.0
3139,100,-0.2
3140,100,-0.2
3141,100,-0.2
3142,100,-0.2
3143,110,-0.9
3144,111,-1.4
3145,111,-1.4
3146,111,-1.4
3147,111,-1.4
3148,111,-1.4
3149,111,-1.4
3150,111,-1.4
3151,011,-0.7999999999999999
3152,010,0.1
3153,011,-0.7999999999999999
3154,011,-0.7999999999999999
3155,010,0.1
3156,000,-0.0
3157,000,-0.0
3158,001,-0.3
3159,011,-0.7999999999999999
3160,011,-0.7999999999999999
3161,001,-0.3
3162,011,-0.7999999999999999
3163,111,-1.4
3164,111,-1.4
3165,110,-0.9
3166,100,-0.2
3167,100,-0.2
3168,100,-0.2
3169,100,-0.2
3170,100,-0.2
3171,000,-0.0
3172,100,-0.2
3173,110,-0.9
3174,111,-1.4
3175,111,-1.4
3176,111,-1.4
3177,101,-0.09999999999999998
3178,100,-0.2
3179,110,-0.9
3180,110,-0.9
3181,110,-0.9
3182,110,-0.9
3183,111,-1.4
3184,011,-0.7999999999999999
3185,011,-0.7999999999999999
3186,011,-0.7999999999999999
3187,111,-1.4
3188,111,-1.4
3189,111,-1.4
3190,111,-1.4
3191,110,-0.9
3192,110,-0.9
3193,110,-0.9
3194,111,-1.4
3195,111,-1.4
3196,110,-0.9
3197,010,0.1
3198,011,-0.7999999999999999
3199,011,-0.7999999999999999
3200,011,-0.7999999999999999
3201,011,-0.7999999999999999
3202,111,-1.4
3203,111,-1.4
3204,111,-1.4
3205,011,-0.7999999999999999
3206,010,0.1
3207,011,-0.7999999999999999
3208,010,0.1
3209,110,-0.9
3210,111,-1.4
3211,011,-0.7999999999999999
3212,010,0.1
3213,010,0.1
3214,110,-0.9
3215,110,-0.9
3216,100,-0.2
3217,100,-0.2
3218,100,-0.2
3219,100,-0.2
3220,100,-0.2
3221,100,-0.2
3222,100,-0.2
3223,110,-0.9
3224,111,-1.4
3225,111,-1.4
3226,111,-1.4
3227,011,-0.7999999999999999
3228,111,-1.4
3229,111,-1.4
3230,111,-1.4
3231,011,-0.7999999999999999
3232,011,-0.7999999999999999
3233,011,-0.7999999999999999
3234,011,-0.7999999999999999
3235,011,-0.7999999999999999
3236,111,-1.4
3237,111,-1.4
3238,111,-1.4
3239,111,-1.4
3240,111,-1.4
3241,111,-1.4
3242,111,-1.4
3243,111,-1.4
3244,111,-1.4
3245,111,-1.4
3246,101,-0.09999999999999998
3247,111,-1.4
3248,111,-1.4
3249,111,-1.4
3250,110,-0.9
3251,111,-1.4
3252,111,-1.4
3253,101,-0.09999999999999998
3254,001,-0.3
3255,011,-0.7999999999999999
3256,011,-0.7999999999999999
3257,111,-1.4
3258,111,-1.4
3259,011,-0.7999999999999999
3260,011,-0.7999999999999999
3261,011,-0.7999999999999999
3262,011,-0.7999999999999999
3263,011,-0.7999999999999999
3264,011,-0.7999999999999999
3265,001,-0.3
3266,000,-0.0
3267,000,-0.0
3268,001,-0.3
3269,001,-0.3
3270,011,-0.7999999999999999
3271,011,-0.7999999999999999
3272,001,-0.3
3273,001,-0.3
3274,001,-0.3
3275,000,-0.0
3276,000,-0.0
3277,001,-0.3
3278,101,-0.09999999999999998
3279,101,-0.09999999999999998
3280,111,-1.4
3281,110,-0.9
3282,100,-0.2
3283,110,-0.9
3284,110,-0.9
3285,100,-0.2
3286,101,-0.09999999999999998
3287,101,-0.09999999999999998
3288,111,-1.4
3289,011,-0.7999999999999999
3290,001,-0.3
3291,000,-0.0
3292,100,-0.2
3293,000,-0.0
3294,100,-0.2
3295,100,-0.2
3296,110,-0.9
3297,110,-0.9
3298,100,-0.2
3299,000,-0.0
3300,001,-0.3
3301,001,-0.3
3302,001,-0.3
3303,101,-0.09999999999999998
3304,111,-1.4
3305,111,-1.4
3306,111,-1.4
3307,101,-0.09999999999999998
3308,111,-1.4
3309,111,-1.4
3310,111,-1.4
3311,111,-1.4
3312,111,-1.4
3313,111,-1.4
3314,111,-1.4
3315,110,-0.9
3316,111,-1.4
3317,111,-1.4
3318,111,-1.4
3319,111,-1.4
3320,110,-0.9
3321,110,-0.9
3322,110,-0.9
3323,100,-0.2
3324,100,-0.2
3325,110,-0.9
3326,110,-0.9
3327,111,-1.4
3328,111,-1.4
3329,111,-1.4
3330,111,-1.4
3331,101,-0.09999999999999998
3332,111,-1.4
3333,110,-0.9
3334,110,-0.9
3335,110,-0.9
3336,110,-0.9
3337,110,-0.9
3338,100,-0.2
3339,101,-0.09999999999999998
3340,100,-0.2
3341,000,-0.0
3342,000,-0.0
3343,000,-0.0
3344,000,-0.0
3345,010,0.1
3346,010,0.1
3347,010,0.1
3348,010,0.1
3349,010,0.1
3350,110,-0.9
3351,100,-0.2
3352,101,-0.09999999999999998
3353,100,-0.2
3354,100,-0.2
3355,100,-0.2
3356,100,-0.2
3357,101,-0.09999999999999998
3358,101,-0.09999999999999998
3359,101,-0.09999999999999998
3360,001,-0.3
3361,001,-0.3
3362,011,-0.7999999999999999
3363,011,-0.7999999999999999
3364,011,-0.7999999999999999
3365,001,-0.3
3366,000,-0.0
3367,000,-0.0
3368,100,-0.2
3369,000,-0.0
3370,000,-0.0
3371,010,0.1
3372,000,-0.0
3373,100,-0.2
3374,100,-0.2
3375,100,-0.2
3376,100,-0.2
3377,100,-0.2
3378,110,-0.9
3379,110,-0.9
3380,100,-0.2
3381,000,-0.0
3382,010,0.1
3383,011,-0.7999999999999999
3384,011,-0.7999999999999999
3385,011,-0.7999999999999999
3386,011,-0.7999999999999999
3387,111,-1.4
3388,111,-1.4
3389,111,-1.4
3390,111,-1.4
3391,101,-0.09999999999999998
3392,001,-0.3
3393,011,-0.7999999999999999
3394,011,-0.7999999999999999
3395,111,-1.4
3396,111,-1.4
3397,111,-1.4
3398,111,-1.4
3399,111,-1.4
3400,110,-0.9
3401,110,-0.9
3402,110,-0.9
3403,110,-0.9
3404,010,0.1
3405,110,-0.9
3406,110,-0.9
3407,110,-0.9
3408,110,-0.9
3409,100,-0.2
3410,100,-0.2
3411,100,-0.2
3412,100,-0.2
3413,100,-0.2
3414,100,-0.2
3415,100,-0.2
3416,000,-0.0
3417,000,-0.0
3418,001,-0.3
3419,011,-0.7999999999999999
3420,011,-0.7999999999999999
3421,111,-1.4
3422,111,-1.4
3423,110,-0.9
3424,100,-0.2
3425,100,-0.2
3426,100,-0.2
3427,110,-0.9
3428,110,-0.9
3429,010,0.1
3430,000,-0.0
3431,100,-0.2
3432,100,-0.2
3433,100,-0.2
3434,100,-0.2
3435,100,-0.2
3436,101,-0.09999999999999998
3437,101,-0.09999999999999998
3438,111,-1.4
3439,111,-1.4
3440,111,-1.4
3441,111,-1.4
3442,111,-1.4
3443,111,-1.4
3444,111,-1.4
3445,111,-1.4
3446,111,-1.4
3447,111,-1.4
3448,111,-1.4
3449,111,-1.4
3450,111,-1.4
3451,111,-1.4
3452,111,-1.4
3453,111,-1.4
3454,111,-1.4
3455,110,-0.9
3456,110,-0.9
3457,110,-0.9
3458,010,0.1
3459,011,-0.7999999999999999
3460,010,0.1
3461,011,-0.7999999999999999
3462,010,0.1
3463,110,-0.9
3464,111,-1.4
3465,011,-0.7999999999999999
3466,011,-0.7999999999999999
3467,011,-0.7999999999999999
3468,111,-1.4
3469,111,-1.4
3470,111,-1.4
3471,111,-1.4
3472,111,-1.4
3473,111,-1.4
3474,111,-1.4
3475,111,-1.4
3476,111,-1.4
3477,111,-1.4
3478,101,-0.09999999999999998
3479,111,-1.4
3480,111,-1.4
3481,101,-0.09999999999999998
3482,111,-1.4
3483,111,-1.4
3484,110,-0.9
3485,110,-0.9
3486,100,-0.2
3487,100,-0.2
3488,000,-0.0
3489,100,-0.2
3490,110,-0.9
3491,010,0.1
3492,110,-0.9
3493,110,-0.9
3494,110,-0.9
3495,110,-0.9
3496,110,-0.9
3497,111,-1.4
3498,111,-1.4
3499,011,-0.7999999999999999
3500,011,-0.7999999999999999
3501,011,-0.7999999999999999
3502,011,-0.7999999999999999
3503,011,-0.7999999999999999
3504,001,-0.3
3505,001,-0.3
3506,001,-0.3
3507,001,-0.3
3508,011,-0.7999999999999999
3509,111,-1.4
3510,011,-0.7999999999999999
3511,111,-1.4
3512,101,-0.09999999999999998
3513,001,-0.3
3514,000,-0.0
3515,010,0.1
3516,000,-0.0
3517,100,-0.2
3518,110,-0.9
3519,110,-0.9
3520,110,-0.9
3521,110,-0.9
3522,110,-0.9
3523,110,-0.9
3524,111,-1.4
3525,111,-1.4
3526,111,-1.4
3527,111,-1.4
3528,111,-1.4
3529,011,-0.7999999999999999
3530,010,0.1
3531,011,-0.7999999999999999
3532,111,-1.4
3533,011,-0.7999999999999999
3534,011,-0.7999999999999999
3535,010,0.1
3536,110,-0.9
3537,110,-0.9
3538,110,-0.9
3539,110,-0.9
3540,111,-1.4
3541,111,-1.4
3542,101,-0.09999999999999998
3543,101,-0.09999999999999998
3544,111,-1.4
3545,110,-0.9
3546,110,-0.9
3547,110,-0.9
3548,100,-0.2
3549,100,-0.2
3550,100,-0.2
3551,110,-0.9
3552,111,-1.4
3553,101,-0.09999999999999998
3554,101,-0.09999999999999998
3555,101,-0.09999999999999998
3556,101,-0.09999999999999998
3557,101,-0.09999999999999998
3558,111,-1.4
3559,111,-1.4
3560,111,-1.4
3561,110,-0.9
3562,110,-0.9
3563,100,-0.2
3564,000,-0.0
3565,000,-0.0
3566,000,-0.0
3567,001,-0.3
3568,001,-0.3
3569,101,-0.09999999999999998
3570,100,-0.2
3571,100,-0.2
3572,100,-0.2
3573,110,-0.9
3574,111,-1.4
3575,111,-1.4
3576,011,-0.7999999999999999
3577,011,-0.7999999999999999
3578,010,0.1
3579,010,0.1
3580,000,-0.0
3581,000,-0.0
3582,100,-0.2
3583,000,-0.0
3584,000,-0.0
3585,000,-0.0
3586,100,-0.2
3587,100,-0.2
3588,110,-0.9
3589,110,-0.9
3590,111,-1.4
3591,110,-0.9
3592,110,-0.9
3593,100,-0.2
3594,100,-0.2
3595,101,-0.09999999999999998
3596,101,-0.09999999999999998
3597,100,-0.2
3598,110,-0.9
3599,110,-0.9
3600,111,-1.4
3601,111,-1.4
3602,111,-1.4
3603,111,-1.4
3604,111,-1.4
3605,011,-0.7999999999999999
3606,010,0.1
3607,010,0.1
3608,010,0.1
3609,010,0.1
3610,011,-0.7999999999999999
3611,010,0.1
3612,011,-0.7999999999999999
3613,111,-1.4
3614,111,-1.4
3615,111,-1.4
3616,111,-1.4
3617,111,-1.4
3618,011,-0.7999999999999999
3619,111,-1.4
3620,101,-0.09999999999999998
3621,111,-1.4
3622,111,-1.4
3623,011,-0.7999999999999999
3624,010,0.1
3625,010,0.1
3626,011,-0.7999999999999999
3627,011,-0.7999999999999999
3628,001,-0.3
3629,000,-0.0
3630,001,-0.3
3631,001,-0.3
3632,001,-0.3
3633,011,-0.7999999999999999
3634,011,-0.7999999999999999
3635,111,-1.4
3636,111,-1.4
3637,111,-1.4
3638,111,-1.4
3639,111,-1.4
3640,011,-0.7999999999999999
3641,111,-1.4
3642,111,-1.4
3643,101,-0.09999999999999998
3644,101,-0.09999999999999998
3645,111,-1.4
3646,111,-1.4
3647,111,-1.4
3648,011,-0.7999999999999999
3649,011,-0.7999999999999999
3650,011,-0.7999999999999999
3651,011,-0.7999999999999999
3652,011,-0.7999999999999999
3653,111,-1.4
3654,111,-1.4
3655,111,-1.4
3656,111,-1.4
3657,111,-1.4
3658,111,-1.4
3659,011,-0.7999999999999999
3660,011,-0.7999999999999999
3661,111,-1.4
3662,111,-1.4
3663,111,-1.4
3664,111,-1.4
3665,111,-1.4
3666,111,-1.4
3667,011,-0.7999999999999999
3668,011,-0.7999999999999999
3669,011,-0.7999999999999999
3670,111,-1.4
3671,111,-1.4
3672,110,-0.9
3673,110,-0.9
3674,110,-0.9
3675,110,-0.9
3676,110,-0.9
3677,110,-0.9
3678,111,-1.4
3679,111,-1.4
3680,011,-0.7999999999999999
3681,010,0.1
3682,000,-0.0
3683,001,-0.3
3684,001,-0.3
3685,000,-0.0
3686,001,-0.3
3687,001,-0.3
3688,001,-0.3
3689,101,-0.09999999999999998
3690,001,-0.3
3691,011,-0.7999999999999999
3692,011,-0.7999999999999999
3693,001,-0.3
3694,000,-0.0
3695,001,-0.3
3696,011,-0.7999999999999999
3697,111,-1.4
3698,111,-1.4
3699,111,-1.4
3700,111,-1.4
3701,111,-1.4
3702,111,-1.4
3703,111,-1.4
3704,111,-1.4
3705,011,-0.7999999999999999
3706,011,-0.7999999999999999
3707,011,-0.7999999999999999
3708,001,-0.3
3709,101,-0.09999999999999998
3710,111,-1.4
3711,011,-0.7999999999999999
3712,011,-0.7999999999999999
3713,011,-0.7999999999999999
3714,011,-0.7999999999999999
3715,011,-0.7999999999999999
3716,001,-0.3
3717,011,-0.7999999999999999
3718,111,-1.4
3719,111,-1.4
3720,111,-1.4
3721,101,-0.09999999999999998
3722,101,-0.09999999999999998
3723,111,-1.4
3724,111,-1.4
3725,111,-1.4
3726,111,-1.4
3727,111,-1.4
3728,111,-1.4
3729,011,-0.7999999999999999
3730,011,-0.7999999999999999
3731,011,-0.7999999999999999
3732,011,-0.7999999999999999
3733,011,-0.7999999999999999
3734,011,-0.7999999999999999
3735,011,-0.7999999999999999
3736,001,-0.3
3737,001,-0.3
3738,101,-0.09999999999999998
3739,100,-0.2
3740,000,-0.0
3741,000,-0.0
3742,001,-0.3
3743,001,-0.3
3744,000,-0.0
3745,001,-0.3
3746,000,-0.0
3747,000,-0.0
3748,000,-0.0
3749,000,-0.0
3750,000,-0.0
3751,001,-0.3
3752,001,-0.3
3753,001,-0.3
3754,000,-0.0
3755,100,-0.2
3756,110,-0.9
3757,110,-0.9
3758,111,-1.4
3759,011,-0.7999999999999999
3760,011,-0.7999999999999999
3761,010,0.1
3762,011,-0.7999999999999999
3763,011,-0.7999999999999999
3764,011,-0.7999999999999999
3765,011,-0.7999999999999999
3766,011,-0.7999999999999999
3767,011,-0.7999999999999999
3768,011,-0.7999999999999999
3769,111,-1.4
3770,111,-1.4
3771,111,-1.4
3772,011,-0.7999999999999999
3773,001,-0.3
3774,011,-0.7999999999999999
3775,011,-0.7999999999999999
3776,010,0.1
3777,010,0.1
3778,010,0.1
3779,010,0.1
3780,011,-0.7999999999999999
3781,011,-0.7999999999999999
3782,111,-1.4
3783,111,-1.4
3784,111,-1.4
3785,111,-1.4
3786,110,-0.9
3787,111,-1.4
3788,101,-0.09999999999999998
3789,111,-1.4
3790,111,-1.4
3791,110,-0.9
3792,111,-1.4
3793,111,-1.4
3794,111,-1.4
3795,111,-1.4
3796,111,-1.4
3797,111,-1.4
3798,111,-1.4
3799,111,-1.4
3800,011,-0.7999999999999999
3801,111,-1.4
3802,111,-1.4
3803,111,-1.4
3804,111,-1.4
3805,111,-1.4
3806,111,-1.4
3807,111,-1.4
3808,111,-1.4
3809,011,-0.7999999999999999
3810,011,-0.7999999999999999
3811,011,-0.7999999999999999
3812,001,-0.3
3813,101,-0.09999999999999998
3814,101,-0.09999999999999998
3815,100,-0.2
3816,100,-0.2
3817,101,-0.09999999999999998
3818,101,-0.09999999999999998
3819,100,-0.2
3820,100,-0.2
3821,101,-0.09999999999999998
3822,101,-0.09999999999999998
3823,100,-0.2
3824,100,-0.2
3825,100,-0.2
3826,100,-0.2
3827,101,-0.09999999999999998
3828,001,-0.3
3829,001,-0.3
3830,000,-0.0
3831,001,-0.3
3832,001,-0.3
3833,101,-0.09999999999999998
3834,111,-1.4
3835,011,-0.7999999999999999
3836,011,-0.7999999999999999
3837,001,-0.3
3838,101,-0.09999999999999998
3839,101,-0.09999999999999998
3840,100,-0.2
3841,100,-0.2
3842,100,-0.2
3843,101,-0.09999999999999998
3844,111,-1.4
3845,011,-0.7999999999999999
3846,011,-0.7999999999999999
3847,011,-0.7999999999999999
3848,011,-0.7999999999999999
3849,010,0.1
3850,110,-0.9
3851,110,-0.9
3852,100,-0.2
3853,000,-0.0
3854,010,0.1
3855,010,0.1
3856,010,0.1
3857,011,-0.7999999999999999
3858,111,-1.4
3859,011,-0.7999999999999999
3860,011,-0.7999999999999999
3861,001,-0.3
3862,001,-0.3
3863,011,-0.7999999999999999
3864,011,-0.7999999999999999
3865,111,-1.4
3866,111,-1.4
3867,110,-0.9
3868,110,-0.9
3869,110,-0.9
3870,110,-0.9
3871,110,-0.9
3872,110,-0.9
3873,110,-0.9
3874,110,-0.9
3875,100,-0.2
3876,110,-0.9
3877,111,-1.4
3878,111,-1.4
3879,111,-1.4
3880,111,-1.4
3881,111,-1.4
3882,111,-1.4
3883,111,-1.4
3884,111,-1.4
3885,101,-0.09999999999999998
3886,111,-1.4
3887,101,-0.09999999999999998
3888,101,-0.09999999999999998
3889,100,-0.2
3890,100,-0.2
3891,110,-0.9
3892,100,-0.2
3893,110,-0.9
3894,110,-0.9
3895,100,-0.2
3896,100,-0.2
3897,000,-0.0
3898,000,-0.0
3899,000,-0.0
3900,001,-0.3
3901,101,-0.09999999999999998
3902,101,-0.09999999999999998
3903,111,-1.4
3904,011,-0.7999999999999999
3905,011,-0.7999999999999999
3906,011,-0.7999999999999999
3907,011,-0.7999999999999999
3908,111,-1.4
3909,011,-0.7999999999999999
3910,011,-0.7999999999999999
3911,010,0.1
3912,110,-0.9
3913,110,-0.9
3914,111,-1.4
3915,011,-0.7999999999999999
3916,011,-0.7999999999999999
3917,111,-1.4
3918,011,-0.7999999999999999
3919,010,0.1
3920,010,0.1
3921,011,-0.7999999999999999
3922,111,-1.4
3923,011,-0.7999999999999999
3924,111,-1.4
3925,111,-1.4
3926,011,-0.7999999999999999
3927,011,-0.7999999999999999
3928,011,-0.7999999999999999
3929,010,0.1
3930,011,-0.7999999999999999
3931,111,-1.4
3932,111,-1.4
3933,101,-0.09999999999999998
3934,001,-0.3
3935,011,-0.7999999999999999
3936,011,-0.7999999999999999
3937,111,-1.4
3938,111,-1.4
3939,111,-1.4
3940,111,-1.4
3941,111,-1.4
3942,111,-1.4
3943,111,-1.4
3944,111,-1.4
3945,011,-0.7999999999999999
3946,111,-1.4
3947,111,-1.4
3948,111,-1.4
3949,111,-1.4
3950,011,-0.7999999999999999
3951,011,-0.7999999999999999
3952,011,-0.7999999999999999
3953,111,-1.4
3954,111,-1.4
3955,101,-0.09999999999999998
3956,101,-0.09999999999999998
3957,100,-0.2
3958,000,-0.0
3959,010,0.1
3960,010,0.1
3961,110,-0.9
3962,110,-0.9
3963,010,0.1
3964,010,0.1
3965,011,-0.7999999999999999
3966,011,-0.7999999999999999
3967,011,-0.7999999999999999
3968,011,-0.7999999999999999
3969,111,-1.4
3970,111,-1.4
3971,111,-1.4
3972,111,-1.4
3973,110,-0.9
3974,111,-1.4
3975,110,-0.9
3976,110,-0.9
3977,110,-0.9
3978,110,-0.9
3979,110,-0.9
3980,110,-0.9
3981,110,-0.9
3982,100,-0.2
3983,000,-0.0
3984,000,-0.0
3985,001,-0.3
3986,001,-0.3
3987,000,-0.0
3988,000,-0.0
3989,000,-0.0
3990,000,-0.0
3991,001,-0.3
3992,011,-0.7999999999999999
3993,011,-0.7999999999999999
3994,011,-0.7999999999999999
3995,011,-0.7999999999999999
3996,011,-0.7999999999999999
3997,011,-0.7999999999999999
3998,011,-0.7999999999999999
3999,011,-0.7999999999999999
4000,011,-0.7999999999999999
4001,011,-0.7999999999999999
4002,011,-0.7999999999999999
4003,011,-0.7999999999999999
4004,001,-0.3
4005,001,-0.3
4006,001,-0.3
4007,001,-0.3
4008,001,-0.3
4009,000,-0.0
4010,000,-0.0
4011,010,0.1
4012,000,-0.0
4013,001,-0.3
4014,001,-0.3
4015,101,-0.09999999999999998
4016,111,-1.4
4017,111,-1.4
4018,011,-0.7999999999999999
4019,011,-0.7999999999999999
4020,111,-1.4
4021,111,-1.4
4022,111,-1.4
4023,101,-0.09999999999999998
4024,111,-1.4
4025,101,-0.09999999999999998
4026,111,-1.4
4027,111,-1.4
4028,011,-0.7999999999999999
4029,011,-0.7999999999999999
4030,011,-0.7999999999999999
4031,011,-0.7999999999999999
4032,001,-0.3
4033,001,-0.3
4034,101,-0.09999999999999998
4035,101,-0.09999999999999998
4036,101,-0.09999999999999998
4037,101,-0.09999999999999998
4038,101,-0.09999999999999998
4039,111,-1.4
4040,111,-1.4
4041,111,-1.4
4042,111,-1.4
4043,110,-0.9
4044,110,-0.9
4045,100,-0.2
4046,100,-0.2
4047,100,-0.2
4048,110,-0.9
4049,110,-0.9
4050,110,-0.9
4051,110,-0.9
4052,110,-0.9
4053,110,-0.9
4054,110,-0.9
4055,110,-0.9
4056,010,0.1
4057,000,-0.0
4058,000,-0.0
4059,000,-0.0
4060,000,-0.0
4061,000,-0.0
4062,000,-0.0
4063,000,-0.0
4064,000,-0.0
4065,100,-0.2
4066,000,-0.0
4067,010,0.1
4068,000,-0.0
4069,000,-0.0
4070,000,-0.0
4071,010,0.1
4072,010,0.1
4073,010,0.1
4074,011,-0.7999999999999999
4075,011,-0.7999999999999999
4076,010,0.1
4077,010,0.1
4078,110,-0.9
4079,110,-0.9
4080,110,-0.9
4081,110,-0.9
4082,100,-0.2
4083,110,-0.9
4084,110,-0.9
4085,110,-0.9
4086,110,-0.9
4087,110,-0.9
4088,111,-1.4
4089,111,-1.4
4090,111,-1.4
4091,110,-0.9
4092,111,-1.4
4093,110,-0.9
4094,110,-0.9
4095,110,-0.9
4096,100,-0.2
4097,110,-0.9
4098,110,-0.9
4099,110,-0.9
4100,110,-0.9
4101,100,-0.2
4102,100,-0.2
4103,100,-0.2
4104,100,-0.2
4105,100,-0.2
4106,100,-0.2
4107,110,-0.9
4108,110,-0.9
4109,110,-0.9
4110,110,-0.9
4111,100,-0.2
4112,110,-0.9
4113,110,-0.9
4114,110,-0.9
4115,110,-0.9
4116,110,-0.9
4117,110,-0.9
4118,110,-0.9
4119,110,-0.9
4120,110,-0.9
4121,100,-0.2
4122,100,-0.2
4123,000,-0.0
4124,001,-0.3
4125,001,-0.3
4126,001,-0.3
4127,000,-0.0
4128,010,0.1
4129,010,0.1
4130,010,0.1
4131,010,0.1
4132,110,-0.9
4133,010,0.1
4134,011,-0.7999999999999999
4135,011,-0.7999999999999999
4136,011,-0.7999999999999999
4137,011,-0.7999999999999999
4138,011,-0.7999999999999999
4139,001,-0.3
4140,001,-0.3
4141,101,-0.09999999999999998
4142,100,-0.2
4143,100,-0.2
4144,110,-0.9
4145,110,-0.9
4146,110,-0.9
4147,010,0.1
4148,000,-0.0
4149,000,-0.0
4150,010,0.1
4151,000,-0.0
4152,010,0.1
4153,011,-0.7999999999999999
4154,010,0.1
4155,011,-0.7999999999999999
4156,011,-0.7999999999999999
4157,111,-1.4
4158,111,-1.4
4159,110,-0.9
4160,110,-0.9
4161,110,-0.9
4162,111,-1.4
4163,111,-1.4
4164,111,-1.4
4165,111,-1.4
4166,111,-1.4
4167,011,-0.7999999999999999
4168,011,-0.7999999999999999
4169,111,-1.4
4170,111,-1.4
4171,111,-1.4
4172,111,-1.4
4173,111,-1.4
4174,111,-1.4
4175,111,-1.4
4176,111,-1.4
4177,111,-1.4
4178,011,-0.7999999999999999
4179,011,-0.7999999999999999
4180,010,0.1
4181,010,0.1
4182,011,-0.7999999999999999
4183,011,-0.7999999999999999
4184,011,-0.7999999999999999
4185,111,-1.4
4186,101,-0.09999999999999998
4187,101,-0.09999999999999998
4188,101,-0.09999999999999998
4189,100,-0.2
4190,100,-0.2
4191,110,-0.9
4192,110,-0.9
4193,111,-1.4
4194,111,-1.4
4195,111,-1.4
4196,111,-1.4
4197,011,-0.7999999999999999
4198,111,-1.4
4199,011,-0.7999999999999999
4200,011,-0.7999999999999999
4201,011,-0.7999999999999999
4202,011,-0.7999999999999999
4203,111,-1.4
4204,011,-0.7999999999999999
4205,011,-0.7999999999999999
4206,111,-1.4
4207,111,-1.4
4208,101,-0.09999999999999998
4209,111,-1.4
4210,101,-0.09999999999999998
4211,001,-0.3
4212,101,-0.09999999999999998
4213,101,-0.09999999999999998
4214,001,-0.3
4215,101,-0.09999999999999998
4216,100,-0.2
4217,100,-0.2
4218,110,-0.9
4219,111,-1.4
4220,111,-1.4
4221,111,-1.4
4222,110,-0.9
4223,010,0.1
4224,011,-0.7999999999999999
4225,111,-1.4
4226,111,-1.4
4227,110,-0.9
4228,111,-1.4
4229,110,-0.9
4230,110,-0.9
4231,110,-0.9
4232,110,-0.9
4233,110,-0.9
4234,110,-0.9
4235,100,-0.2
4236,000,-0.0
4237,000,-0.0
4238,100,-0.2
4239,100,-0.2
4240,110,-0.9
4241,110,-0.9
4242,010,0.1
4243,110,-0.9
4244,110,-0.9
4245,111,-1.4
4246,111,-1.4
4247,101,-0.09999999999999998
4248,111,-1.4
4249,111,-1.4
4250,011,-0.7999999999999999
4251,011,-0.7999999999999999
4252,001,-0.3
4253,000,-0.0
4254,001,-0.3
4255,011,-0.7999999999999999
4256,011,-0.7999999999999999
4257,011,-0.7999999999999999
4258,011,-0.7999999999999999
4259,111,-1.4
4260,110,-0.9
4261,110,-0.9
4262,111,-1.4
4263,111,-1.4
4264,111,-1.4
4265,011,-0.7999999999999999
4266,011,-0.7999999999999999
4267,011,-0.7999999999999999
4268,011,-0.7999999999999999
4269,111,-1.4
4270,111,-1.4
4271,101,-0.09999999999999998
4272,101,-0.09999999999999998
4273,001,-0.3
4274,001,-0.3
4275,000,-0.0
4276,001,-0.3
4277,001,-0.3
4278,001,-0.3
4279,000,-0.0
4280,000,-0.0
4281,000,-0.0
4282,100,-0.2
4283,101,-0.09999999999999998
4284,111,-1.4
4285,110,-0.9
4286,110,-0.9
4287,100,-0.2
4288,110,-0.9
4289,110,-0.9
4290,110,-0.9
4291,100,-0.2
4292,100,-0.2
4293,110,-0.9
4294,111,-1.4
4295,101,-0.09999999999999998
4296,001,-0.3
4297,000,-0.0
4298,000,-0.0
4299,100,-0.2
4300,101,-0.09999999999999998
4301,001,-0.3
4302,011,-0.7999999999999999
4303,111,-1.4
4304,111,-1.4
4305,111,-1.4
4306,111,-1.4
4307,111,-1.4
4308,111,-1.4
4309,111,-1.4
4310,111,-1.4
4311,111,-1.4
4312,111,-1.4
4313,110,-0.9
4314,111,-1.4
4315,111,-1.4
4316,011,-0.7999999999999999
4317,011,-0.7999999999999999
4318,011,-0.7999999999999999
4319,001,-0.3
4320,001,-0.3
4321,011,-0.7999999999999999
4322,011,-0.7999999999999999
4323,111,-1.4
4324,011,-0.7999999999999999
4325,011,-0.7999999999999999
4326,111,-1.4
4327,101,-0.09999999999999998
4328,100,-0.2
4329,100,-0.2
4330,100,-0.2
4331,100,-0.2
4332,100,-0.2
4333,100,-0.2
4334,101,-0.09999999999999998
4335,111,-1.4
4336,011,-0.7999999999999999
4337,011,-0.7999999999999999
4338,011,-0.7999999999999999
4339,011,-0.7999999999999999
4340,011,-0.7999999999999999
4341,011,-0.7999999999999999
4342,111,-1.4
4343,111,-1.4
4344,111,-1.4
4345,111,-1.4
4346,110,-0.9
4347,010,0.1
4348,110,-0.9
4349,010,0.1
4350,010,0.1
4351,010,0.1
4352,000,-0.0
4353,100,-0.2
4354,110,-0.9
4355,111,-1.4
4356,111,-1.4
4357,111,-1.4
4358,111,-1.4
4359,101,-0.09999999999999998
4360,100,-0.2
4361,100,-0.2
4362,100,-0.2
4363,100,-0.2
4364,000,-0.0
4365,100,-0.2
4366,101,-0.09999999999999998
4367,111,-1.4
4368,111,-1.4
4369,110,-0.9
4370,110,-0.9
4371,111,-1.4
4372,011,-0.7999999999999999
4373,111,-1.4
4374,111,-1.4
4375,111,-1.4
4376,111,-1.4
4377,111,-1.4
4378,111,-1.4
4379,111,-1.4
4380,111,-1.4
4381,111,-1.4
4382,011,-0.7999999999999999
4383,111,-1.4
4384,111,-1.4
4385,111,-1.4
4386,111,-1.4
4387,011,-0.7999999999999999
4388,011,-0.7999999999999999
4389,111,-1.4
4390,111,-1.4
4391,111,-1.4
4392,101,-0.09999999999999998
4393,001,-0.3
4394,001,-0.3
4395,001,-0.3
4396,101,-0.09999999999999998
4397,001,-0.3
4398,001,-0.3
4399,001,-0.3
4400,101,-0.09999999999999998
4401,111,-1.4
4402,111,-1.4
4403,111,-1.4
4404,011,-0.7999999999999999
4405,011,-0.7999999999999999
4406,111,-1.4
4407,111,-1.4
4408,111,-1.4
4409,111,-1.4
4410,111,-1.4
4411,111,-1.4
4412,111,-1.4
4413,111,-1.4
4414,111,-1.4
4415,101,-0.09999999999999998
4416,100,-0.2
4417,100,-0.2
4418,100,-0.2
4419,100,-0.2
4420,101,-0.09999999999999998
4421,101,-0.09999999999999998
4422,001,-0.3
4423,001,-0.3
4424,001,-0.3
4425,011,-0.7999999999999999
4426,111,-1.4
4427,110,-0.9
4428,110,-0.9
4429,110,-0.9
4430,110,-0.9
4431,110,-0.9
4432,010,0.1
4433,110,-0.9
4434,110,-0.9
4435,110,-0.9
4436,111,-1.4
4437,111,-1.4
4438,111,-1.4
4439,111,-1.4
4440,110,-0.9
4441,111,-1.4
4442,101,-0.09999999999999998
4443,100,-0.2
4444,110,-0.9
4445,010,0.1
4446,011,-0.7999999999999999
4447,011,-0.7999999999999999
4448,111,-1.4
4449,111,-1.4
4450,111,-1.4
4451,111,-1.4
4452,111,-1.4
4453,111,-1.4
4454,011,-0.7999999999999999
4455,011,-0.7999999999999999
4456,011,-0.7999999999999999
4457,011,-0.7999999999999999
4458,011,-0.7999999999999999
4459,111,-1.4
4460,111,-1.4
4461,111,-1.4
4462,111,-1.4
4463,101,-0.09999999999999998
4464,101,-0.09999999999999998
4465,111,-1.4
4466,110,-0.9
4467,110,-0.9
4468,111,-1.4
4469,111,-1.4
4470,111,-1.4
4471,111,-1.4
4472,111,-1.4
4473,111,-1.4
4474,111,-1.4
4475,111,-1.4
4476,111,-1.4
4477,111,-1.4
4478,111,-1.4
4479,111,-1.4
4480,110,-0.9
4481,110,-0.9
4482,110,-0.9
4483,010,0.1
4484,011,-0.7999999999999999
4485,111,-1.4
4486,111,-1.4
4487,111,-1.4
4488,111,-1.4
4489,011,-0.7999999999999999
4490,011,-0.7999999999999999
4491,011,-0.7999999999999999
4492,011,-0.7999999999999999
4493,001,-0.3
4494,101,-0.09999999999999998
4495,001,-0.3
4496,000,-0.0
4497,100,-0.2
4498,100,-0.2
4499,100,-0.2
4500,100,-0.2
4501,110,-0.9
4502,010,0.1
4503,011,-0.7999999999999999
4504,001,-0.3
4505,001,-0.3
4506,001,-0.3
4507,001,-0.3
4508,000,-0.0
4509,001,-0.3
4510,001,-0.3
4511,001,-0.3
4512,011,-0.7999999999999999
4513,111,-1.4
4514,011,-0.7999999999999999
4515,011,-0.7999999999999999
4516,001,-0.3
4517,101,-0.09999999999999998
4518,111,-1.4
4519,111,-1.4
4520,101,-0.09999999999999998
4521,001,-0.3
4522,001,-0.3
4523,000,-0.0
4524,000,-0.0
4525,010,0.1
4526,000,-0.0
4527,000,-0.0
4528,000,-0.0
4529,010,0.1
4530,010,0.1
4531,000,-0.0
4532,100,-0.2
4533,101,-0.09999999999999998
4534,101,-0.09999999999999998
4535,101,-0.09999999999999998
4536,001,-0.3
4537,001,-0.3
4538,101,-0.09999999999999998
4539,111,-1.4
4540,111,-1.4
4541,111,-1.4
4542,111,-1.4
4543,111,-1.4
4544,110,-0.9
4545,110,-0.9
4546,110,-0.9
4547,110,-0.9
4548,111,-1.4
4549,111,-1.4
4550,111,-1.4
4551,110,-0.9
4552,111,-1.4
4553,110,-0.9
4554,010,0.1
4555,010,0.1
4556,000,-0.0
4557,010,0.1
4558,110,-0.9
4559,110,-0.9
4560,111,-1.4
4561,011,-0.7999999999999999
4562,011,-0.7999999999999999
4563,111,-1.4
4564,101,-0.09999999999999998
4565,101,-0.09999999999999998
4566,101,-0.09999999999999998
4567,001,-0.3
4568,001,-0.3
4569,001,-0.3
4570,101,-0.09999999999999998
4571,101,-0.09999999999999998
4572,101,-0.09999999999999998
4573,101,-0.09999999999999998
4574,101,-0.09999999999999998
4575,101,-0.09999999999999998
4576,001,-0.3
4577,000,-0.0
4578,000,-0.0
4579,010,0.1
4580,010,0.1
4581,010,0.1
4582,110,-0.9
4583,010,0.1
4584,011,-0.7999999999999999
4585,111,-1.4
4586,110,-0.9
4587,110,-0.9
4588,110,-0.9
4589,110,-0.9
4590,111,-1.4
4591,111,-1.4
4592,101,-0.09999999999999998
4593,101,-0.09999999999999998
4594,101,-0.09999999999999998
4595,101,-0.09999999999999998
4596,101,-0.09999999999999998
4597,001,-0.3
4598,101,-0.09999999999999998
4599,101,-0.09999999999999998
4600,001,-0.3
4601,101,-0.09999999999999998
4602,111,-1.4
4603,111,-1.4
4604,111,-1.4
4605,110,-0.9
4606,110,-0.9
4607,110,-0.9
4608,110,-0.9
4609,110,-0.9
4610,110,-0.9
4611,110,-0.9
4612,110,-0.9
4613,110,-0.9
4614,110,-0.9
4615,110,-0.9
4616,110,-0.9
4617,100,-0.2
4618,000,-0.0
4619,100,-0.2
4620,101,-0.09999999999999998
4621,100,-0.2
4622,101,-0.09999999999999998
4623,101,-0.09999999999999998
4624,101,-0.09999999999999998
4625,111,-1.4
4626,111,-1.4
4627,111,-1.4
4628,111,-1.4
4629,111,-1.4
4630,111,-1.4
4631,101,-0.09999999999999998
4632,101,-0.09999999999999998
4633,101,-0.09999999999999998
4634,111,-1.4
4635,111,-1.4
4636,111,-1.4
4637,111,-1.4
4638,111,-1.4
4639,111,-1.4
4640,111,-1.4
4641,111,-1.4
4642,110,-0.9
4643,110,-0.9
4644,110,-0.9
4645,110,-0.9
4646,111,-1.4
4647,111,-1.4
4648,111,-1.4
4649,111,-1.4
4650,111,-1.4
4651,111,-1.4
4652,011,-0.7999999999999999
4653,011,-0.7999999999999999
4654,111,-1.4
4655,110,-0.9
4656,110,-0.9
4657,110,-0.9
4658,111,-1.4
4659,111,-1.4
4660,111,-1.4
4661,111,-1.4
4662,111,-1.4
4663,011,-0.7999999999999999
4664,011,-0.7999999999999999
4665,111,-1.4
4666,111,-1.4
4667,111,-1.4
4668,111,-1.4
4669,111,-1.4
4670,111,-1.4
4671,011,-0.7999999999999999
4672,111,-1.4
4673,111,-1.4
4674,011,-0.7999999999999999
4675,011,-0.7999999999999999
4676,011,-0.7999999999999999
4677,111,-1.4
4678,111,-1.4
4679,111,-1.4
4680,110,-0.9
4681,110,-0.9
4682,110,-0.9
4683,110,-0.9
4684,110,-0.9
4685,110,-0.9
4686,100,-0.2
4687,000,-0.0
4688,001,-0.3
4689,101,-0.09999999999999998
4690,100,-0.2
4691,100,-0.2
4692,100,-0.2
4693,100,-0.2
4694,110,-0.9
4695,111,-1.4
4696,011,-0.7999999999999999
4697,011,-0.7999999999999999
4698,011,-0.7999999999999999
4699,011,-0.7999999999999999
4700,011,-0.7999999999999999
4701,111,-1.4
4702,111,-1.4
4703,111,-1.4
4704,111,-1.4
4705,101,-0.09999999999999998
4706,101,-0.09999999999999998
4707,101,-0.09999999999999998
4708,001,-0.3
4709,000,-0.0
4710,000,-0.0
4711,001,-0.3
4712,101,-0.09999999999999998
4713,101,-0.09999999999999998
4714,101,-0.09999999999999998
4715,100,-0.2
4716,100,-0.2
4717,100,-0.2
4718,100,-0.2
4719,110,-0.9
4720,110,-0.9
4721,100,-0.2
4722,000,-0.0
4723,000,-0.0
4724,010,0.1
4725,110,-0.9
4726,110,-0.9
4727,111,-1.4
4728,111,-1.4
4729,111,-1.4
4730,011,-0.7999999999999999
4731,011,-0.7999999999999999
4732,011,-0.7999999999999999
4733,111,-1.4
4734,111,-1.4
4735,111,-1.4
4736,101,-0.09999999999999998
4737,100,-0.2
4738,100,-0.2
4739,100,-0.2
4740,110,-0.9
4741,110,-0.9
4742,110,-0.9
4743,111,-1.4
4744,111,-1.4
4745,111,-1.4
4746,111,-1.4
4747,111,-1.4
4748,111,-1.4
4749,111,-1.4
4750,111,-1.4
4751,111,-1.4
4752,110,-0.9
4753,110,-0.9
4754,010,0.1
4755,010,0.1
4756,011,-0.7999999999999999
4757,111,-1.4
4758,011,-0.7999999999999999
4759,011,-0.7999999999999999
4760,010,0.1
4761,000,-0.0
4762,001,-0.3
4763,001,-0.3
4764,001,-0.3
4765,001,-0.3
4766,101,-0.09999999999999998
4767,101,-0.09999999999999998
4768,101,-0.09999999999999998
4769,100,-0.2
4770,100,-0.2
4771,100,-0.2
4772,100,-0.2
4773,100,-0.2
4774,101,-0.09999999999999998
4775,101,-0.09999999999999998
4776,001,-0.3
4777,001,-0.3
4778,001,-0.3
4779,001,-0.3
4780,101,-0.09999999999999998
4781,001,-0.3
4782,001,-0.3
4783,001,-0.3
4784,001,-0.3
4785,000,-0.0
4786,000,-0.0
4787,000,-0.0
4788,000,-0.0
4789,010,0.1
4790,000,-0.0
4791,100,-0.2
4792,101,-0.09999999999999998
4793,101,-0.09999999999999998
4794,101,-0.09999999999999998
4795,111,-1.4
4796,110,-0.9
4797,111,-1.4
4798,111,-1.4
4799,111,-1.4
4800,111,-1.4
4801,111,-1.4
4802,011,-0.7999999999999999
4803,010,0.1
4804,110,-0.9
4805,111,-1.4
4806,111,-1.4
4807,111,-1.4
4808,111,-1.4
4809,110,-0.9
4810,100,-0.2
4811,101,-0.09999999999999998
4812,001,-0.3
4813,001,-0.3
4814,000,-0.0
4815,000,-0.0
4816,010,0.1
4817,010,0.1
4818,110,-0.9
4819,110,-0.9
4820,111,-1.4
4821,011,-0.7999999999999999
4822,111,-1.4
4823,111,-1.4
4824,111,-1.4
4825,111,-1.4
4826,111,-1.4
4827,111,-1.4
4828,111,-1.4
4829,111,-1.4
4830,111,-1.4
4831,111,-1.4
4832,111,-1.4
4833,111,-1.4
4834,111,-1.4
4835,111,-1.4
4836,110,-0.9
4837,111,-1.4
4838,110,-0.9
4839,110,-0.9
4840,110,-0.9
4841,110,-0.9
4842,111,-1.4
4843,111,-1.4
4844,111,-1.4
4845,011,-0.7999999999999999
4846,011,-0.7999999999999999
4847,011,-0.7999999999999999
4848,011,-0.7999999999999999
4849,011,-0.7999999999999999
4850,011,-0.7999999999999999
4851,111,-1.4
4852,110,-0.9
4853,110,-0.9
4854,010,0.1
4855,110,-0.9
4856,111,-1.4
4857,111,-1.4
4858,111,-1.4
4859,111,-1.4
4860,111,-1.4
4861,111,-1.4
4862,111,-1.4
4863,111,-1.4
4864,111,-1.4
4865,111,-1.4
4866,011,-0.7999999999999999
4867,011,-0.7999999999999999
4868,010,0.1
4869,010,0.1
4870,000,-0.0
4871,000,-0.0
4872,000,-0.0
4873,000,-0.0
4874,010,0.1
4875,010,0.1
4876,010,0.1
4877,010,0.1
4878,010,0.1
4879,010,0.1
4880,110,-0.9
4881,110,-0.9
4882,110,-0.9
4883,100,-0.2
4884,100,-0.2
4885,100,-0.2
4886,100,-0.2
4887,110,-0.9
4888,100,-0.2
4889,100,-0.2
4890,100,-0.2
4891,101,-0.09999999999999998
4892,101,-0.09999999999999998
4893,001,-0.3
4894,001,-0.3
4895,011,-0.7999999999999999
4896,011,-0.7999999999999999
4897,011,-0.7999999999999999
4898,011,-0.7999999999999999
4899,011,-0.7999999999999999
4900,011,-0.7999999999999999
4901,111,-1.4
4902,111,-1.4
4903,111,-1.4
4904,111,-1.4
4905,111,-1.4
4906,111,-1.4
4907,101,-0.09999999999999998
4908,100,-0.2
4909,101,-0.09999999999999998
4910,101,-0.09999999999999998
4911,111,-1.4
4912,110,-0.9
4913,110,-0.9
4914,110,-0.9
4915,111,-1.4
4916,111,-1.4
4917,111,-1.4
4918,111,-1.4
4919,111,-1.4
4920,111,-1.4
4921,111,-1.4
4922,011,-0.7999999999999999
4923,111,-1.4
4924,111,-1.4
4925,111,-1.4
4926,011,-0.7999999999999999
4927,111,-1.4
4928,011,-0.7999999999999999
4929,011,-0.7999999999999999
4930,010,0.1
4931,110,-0.9
4932,110,-0.9
4933,110,-0.9
4934,110,-0.9
4935,110,-0.9
4936,111,-1.4
4937,111,-1.4
4938,111,-1.4
4939,111,-1.4
4940,111,-1.4
4941,101,-0.09999999999999998
4942,100,-0.2
4943,000,-0.0
4944,100,-0.2
4945,110,-0.9
4946,100,-0.2
4947,000,-0.0
4948,000,-0.0
4949,010,0.1
4950,011,-0.7999999999999999
4951,011,-0.7999999999999999
4952,001,-0.3
4953,000,-0.0
4954,010,0.1
4955,110,-0.9
4956,110,-0.9
4957,110,-0.9
4958,110,-0.9
4959,110,-0.9
4960,110,-0.9
4961,110,-0.9
4962,110,-0.9
4963,100,-0.2
4964,101,-0.09999999999999998
4965,101,-0.09999999999999998
4966,100,-0.2
4967,110,-0.9
4968,010,0.1
4969,010,0.1
4970,110,-0.9
4971,110,-0.9
4972,111,-1.4
4973,110,-0.9
4974,111,-1.4
4975,111,-1.4
4976,111,-1.4
4977,111,-1.4
4978,111,-1.4
4979,111,-1.4
4980,111,-1.4
4981,111,-1.4
4982,111,-1.4
4983,111,-1.4
4984,110,-0.9
4985,110,-0.9
4986,110,-0.9
4987,110,-0.9
4988,010,0.1
4989,010,0.1
4990,000,-0.0
4991,100,-0.2
4992,110,-0.9
4993,110,-0.9
4994,110,-0.9
4995,110,-0.9
4996,110,-0.9
4997,110,-0.9
4998,100,-0.2
4999,100,-0.2
5000,100,-0.2
5001,110,-0.9
5002,110,-0.9
5003,100,-0.2
5004,100,-0.2
5005,101,-0.09999999999999998
5006,100,-0.2
5007,101,-0.09999999999999998
5008,101,-0.09999999999999998
5009,111,-1.4
5010,111,-1.4
5011,011,-0.7999999999999999
5012,011,-0.7999999999999999
5013,011,-0.7999999999999999
5014,011,-0.7999999999999999
5015,001,-0.3
5016,001,-0.3
5017,001,-0.3
5018,001,-0.3
5019,001,-0.3
5020,101,-0.09999999999999998
5021,101,-0.09999999999999998
5022,001,-0.3
5023,000,-0.0
5024,001,-0.3
5025,001,-0.3
5026,000,-0.0
5027,000,-0.0
5028,010,0.1
5029,110,-0.9
5030,110,-0.9
5031,010,0.1
5032,110,-0.9
5033,110,-0.9
5034,110,-0.9
5035,010,0.1
5036,010,0.1
5037,011,-0.7999999999999999
5038,011,-0.7999999999999999
5039,011,-0.7999999999999999
5040,011,-0.7999999999999999
5041,011,-0.7999999999999999
5042,011,-0.7999999999999999
5043,011,-0.7999999999999999
5044,111,-1.4
5045,110,-0.9
5046,110,-0.9
5047,100,-0.2
5048,000,-0.0
5049,000,-0.0
5050,100,-0.2
5051,100,-0.2
5052,100,-0.2
5053,100,-0.2
5054,101,-0.09999999999999998
5055,101,-0.09999999999999998
5056,101,-0.09999999999999998
5057,001,-0.3
5058,011,-0.7999999999999999
5059,011,-0.7999999999999999
5060,111,-1.4
5061,111,-1.4
5062,110,-0.9
5063,111,-1.4
5064,111,-1.4
5065,110,-0.9
5066,111,-1.4
5067,111,-1.4
5068,111,-1.4
5069,110,-0.9
5070,110,-0.9
5071,110,-0.9
5072,110,-0.9
5073,110,-0.9
5074,010,0.1
5075,010,0.1
5076,011,-0.7999999999999999
5077,011,-0.7999999999999999
5078,011,-0.7999999999999999
5079,111,-1.4
5080,111,-1.4
5081,111,-1.4
5082,101,-0.09999999999999998
5083,111,-1.4
5084,111,-1.4
5085,011,-0.7999999999999999
5086,010,0.1
5087,011,-0.7999999999999999
5088,010,0.1
5089,010,0.1
5090,010,0.1
5091,000,-0.0
5092,000,-0.0
5093,100,-0.2
5094,100,-0.2
5095,101,-0.09999999999999998
5096,101,-0.09999999999999998
5097,001,-0.3
5098,000,-0.0
5099,000,-0.0
5100,000,-0.0
5101,001,-0.3
5102,101,-0.09999999999999998
5103,101,-0.09999999999999998
5104,101,-0.09999999999999998
5105,101,-0.09999999999999998
5106,101,-0.09999999999999998
5107,111,-1.4
5108,111,-1.4
5109,011,-0.7999999999999999
5110,011,-0.7999999999999999
5111,001,-0.3
5112,101,-0.09999999999999998
5113,101,-0.09999999999999998
5114,101,-0.09999999999999998
5115,101,-0.09999999999999998
5116,111,-1.4
5117,110,-0.9
5118,110,-0.9
5119,100,-0.2
5120,100,-0.2
5121,110,-0.9
5122,110,-0.9
5123,110,-0.9
5124,010,0.1
5125,010,0.1
5126,010,0.1
5127,011,-0.7999999999999999
5128,011,-0.7999999999999999
5129,011,-0.7999999999999999
5130,011,-0.7999999999999999
5131,111,-1.4
5132,011,-0.7999999999999999
5133,011,-0.7999999999999999
5134,111,-1.4
5135,110,-0.9
5136,110,-0.9
5137,110,-0.9
5138,110,-0.9
5139,110,-0.9
5140,110,-0.9
5141,111,-1.4
5142,101,-0.09999999999999998
5143,101,-0.09999999999999998
5144,101,-0.09999999999999998
5145,100,-0.2
5146,100,-0.2
5147,100,-0.2
5148,100,-0.2
5149,101,-0.09999999999999998
5150,101,-0.09999999999999998
5151,101,-0.09999999999999998
5152,100,-0.2
5153,000,-0.0
5154,001,-0.3
5155,001,-0.3
5156,101,-0.09999999999999998
5157,101,-0.09999999999999998
5158,101,-0.09999999999999998
5159,101,-0.09999999999999998
5160,100,-0.2
5161,100,-0.2
5162,110,-0.9
5163,110,-0.9
5164,110,-0.9
5165,110,-0.9
5166,111,-1.4
5167,111,-1.4
5168,111,-1.4
5169,111,-1.4
5170,110,-0.9
5171,110,-0.9
5172,110,-0.9
5173,110,-0.9
5174,110,-0.9
5175,110,-0.9
5176,111,-1.4
5177,011,-0.7999999999999999
5178,010,0.1
5179,110,-0.9
5180,111,-1.4
5181,111,-1.4
5182,111,-1.4
5183,111,-1.4
5184,111,-1.4
5185,111,-1.4
5186,101,-0.09999999999999998
5187,100,-0.2
5188,110,-0.9
5189,010,0.1
5190,010,0.1
5191,010,0.1
5192,000,-0.0
5193,000,-0.0
5194,001,-0.3
5195,001,-0.3
5196,001,-0.3
5197,011,-0.7999999999999999
5198,001,-0.3
5199,000,-0.0
5200,000,-0.0
5201,001,-0.3
5202,101,-0.09999999999999998
5203,001,-0.3
5204,101,-0.09999999999999998
5205,001,-0.3
5206,001,-0.3
5207,101,-0.09999999999999998
5208,100,-0.2
5209,110,-0.9
5210,110,-0.9
5211,111,-1.4
5212,101,-0.09999999999999998
5213,100,-0.2
5214,101,-0.09999999999999998
5215,100,-0.2
5216,110,-0.9
5217,110,-0.9
5218,111,-1.4
5219,110,-0.9
5220,110,-0.9
5221,111,-1.4
5222,111,-1.4
5223,111,-1.4
5224,111,-1.4
5225,011,-0.7999999999999999
5226,011,-0.7999999999999999
5227,010,0.1
5228,110,-0.9
5229,111,-1.4
5230,111,-1.4
5231,111,-1.4
5232,111,-1.4
5233,111,-1.4
5234,111,-1.4
5235,101,-0.09999999999999998
5236,101,-0.09999999999999998
5237,001,-0.3
5238,011,-0.7999999999999999
5239,001,-0.3
5240,001,-0.3
5241,000,-0.0
5242,000,-0.0
5243,000,-0.0
5244,000,-0.0
5245,000,-0.0
5246,000,-0.0
5247,100,-0.2
5248,000,-0.0
5249,000,-0.0
5250,010,0.1
5251,010,0.1
5252,011,-0.7999999999999999
5253,011,-0.7999999999999999
5254,111,-1.4
5255,111,-1.4
5256,011,-0.7999999999999999
5257,011,-0.7999999999999999
5258,111,-1.4
5259,111,-1.4
5260,111,-1.4
5261,111,-1.4
5262,111,-1.4
5263,111,-1.4
5264,111,-1.4
5265,111,-1.4
5266,111,-1.4
5267,111,-1.4
5268,111,-1.4
5269,111,-1.4
5270,111,-1.4
5271,011,-0.7999999999999999
5272,010,0.1
5273,000,-0.0
5274,000,-0.0
5275,100,-0.2
5276,100,-0.2
5277,000,-0.0
5278,001,-0.3
5279,000,-0.0
5280,010,0.1
5281,000,-0.0
5282,001,-0.3
5283,011,-0.7999999999999999
5284,111,-1.4
5285,111,-1.4
5286,111,-1.4
5287,110,-0.9
5288,010,0.1
5289,000,-0.0
5290,000,-0.0
5291,010,0.1
5292,010,0.1
5293,000,-0.0
5294,000,-0.0
5295,010,0.1
5296,110,-0.9
5297,110,-0.9
5298,110,-0.9
5299,110,-0.9
5300,110,-0.9
5301,010,0.1
5302,011,-0.7999999999999999
5303,011,-0.7999999999999999
5304,011,-0.7999999999999999
5305,010,0.1
5306,010,0.1
5307,110,-0.9
5308,110,-0.9
5309,111,-1.4
5310,111,-1.4
5311,101,-0.09999999999999998
5312,101,-0.09999999999999998
5313,001,-0.3
5314,001,-0.3
5315,001,-0.3
5316,011,-0.7999999999999999
5317,011,-0.7999999999999999
5318,011,-0.7999999999999999
5319,001,-0.3
5320,001,-0.3
5321,001,-0.3
5322,011,-0.7999999999999999
5323,011,-0.7999999999999999
5324,011,-0.7999999999999999
5325,011,-0.7999999999999999
5326,011,-0.7999999999999999
5327,111,-1.4
5328,110,-0.9
5329,110,-0.9
5330,100,-0.2
5331,100,-0.2
5332,101,-0.09999999999999998
5333,101,-0.09999999999999998
5334,100,-0.2
5335,101,-0.09999999999999998
5336,100,-0.2
5337,101,-0.09999999999999998
5338,101,-0.09999999999999998
5339,101,-0.09999999999999998
5340,111,-1.4
5341,101,-0.09999999999999998
5342,101,-0.09999999999999998
5343,111,-1.4
5344,111,-1.4
5345,111,-1.4
5346,101,-0.09999999999999998
5347,100,-0.2
5348,100,-0.2
5349,101,-0.09999999999999998
5350,101,-0.09999999999999998
5351,001,-0.3
5352,101,-0.09999999999999998
5353,111,-1.4
5354,111,-1.4
5355,110,-0.9
5356,110,-0.9
5357,110,-0.9
5358,100,-0.2
5359,100,-0.2
5360,110,-0.9
5361,010,0.1
5362,010,0.1
5363,110,-0.9
5364,110,-0.9
5365,110,-0.9
5366,110,-0.9
5367,110,-0.9
5368,111,-1.4
5369,111,-1.4
5370,111,-1.4
5371,111,-1.4
5372,111,-1.4
5373,011,-0.7999999999999999
5374,111,-1.4
5375,110,-0.9
5376,010,0.1
5377,000,-0.0
5378,000,-0.0
5379,000,-0.0
5380,100,-0.2
5381,100,-0.2
5382,100,-0.2
5383,110,-0.9
5384,010,0.1
5385,000,-0.0
5386,100,-0.2
5387,100,-0.2
5388,100,-0.2
5389,000,-0.0
5390,000,-0.0
5391,000,-0.0
5392,000,-0.0
5393,010,0.1
5394,011,-0.7999999999999999
5395,111,-1.4
5396,111,-1.4
5397,111,-1.4
5398,111,-1.4
5399,011,-0.7999999999999999
5400,011,-0.7999999999999999
5401,011,-0.7999999999999999
5402,011,-0.7999999999999999
5403,011,-0.7999999999999999
5404,011,-0.7999999999999999
5405,011,-0.7999999999999999
5406,011,-0.7999999999999999
5407,011,-0.7999999999999999
5408,011,-0.7999999999999999
5409,111,-1.4
5410,111,-1.4
5411,011,-0.7999999999999999
5412,011,-0.7999999999999999
5413,111,-1.4
5414,111,-1.4
5415,111,-1.4
5416,111,-1.4
5417,111,-1.4
5418,111,-1.4
5419,111,-1.4
5420,111,-1.4
5421,111,-1.4
5422,110,-0.9
5423,110,-0.9
5424,111,-1.4
5425,111,-1.4
5426,111,-1.4
5427,111,-1.4
5428,111,-1.4
5429,111,-1.4
5430,110,-0.9
5431,100,-0.2
5432,100,-0.2
5433,000,-0.0
5434,100,-0.2
5435,000,-0.0
5436,010,0.1
5437,110,-0.9
5438,110,-0.9
5439,110,-0.9
5440,110,-0.9
5441,111,-1.4
5442,101,-0.09999999999999998
5443,100,-0.2
5444,100,-0.2
5445,101,-0.09999999999999998
5446,100,-0.2
5447,100,-0.2
5448,101,-0.09999999999999998
5449,100,-0.2
5450,110,-0.9
5451,111,-1.4
5452,110,-0.9
5453,111,-1.4
5454,111,-1.4
5455,110,-0.9
5456,111,-1.4
5457,111,-1.4
5458,110,-0.9
5459,110,-0.9
5460,110,-0.9
5461,110,-0.9
5462,010,0.1
5463,011,-0.7999999999999999
5464,011,-0.7999999999999999
5465,001,-0.3
5466,001,-0.3
5467,101,-0.09999999999999998
5468,100,-0.2
5469,110,-0.9
5470,111,-1.4
5471,111,-1.4
5472,101,-0.09999999999999998
5473,001,-0.3
5474,001,-0.3
5475,000,-0.0
5476,001,-0.3
5477,001,-0.3
5478,011,-0.7999999999999999
5479,010,0.1
5480,010,0.1
5481,010,0.1
5482,010,0.1
5483,010,0.1
5484,011,-0.7999999999999999
5485,011,-0.7999999999999999
5486,010,0.1
5487,110,-0.9
5488,110,-0.9
5489,100,-0.2
5490,000,-0.0
5491,001,-0.3
5492,101,-0.09999999999999998
5493,111,-1.4
5494,111,-1.4
5495,011,-0.7999999999999999
5496,011,-0.7999999999999999
5497,011,-0.7999999999999999
5498,011,-0.7999999999999999
5499,011,-0.7999999999999999
5500,011,-0.7999999999999999
5501,111,-1.4
5502,110,-0.9
5503,111,-1.4
5504,111,-1.4
5505,101,-0.09999999999999998
5506,101,-0.09999999999999998
5507,111,-1.4
5508,110,-0.9
5509,110,-0.9
5510,110,-0.9
5511,111,-1.4
5512,111,-1.4
5513,111,-1.4
5514,111,-1.4
5515,110,-0.9
5516,110,-0.9
5517,110,-0.9
5518,110,-0.9
5519,110,-0.9
5520,110,-0.9
5521,111,-1.4
5522,011,-0.7999999999999999
5523,011,-0.7999999999999999
5524,010,0.1
5525,010,0.1
5526,010,0.1
5527,000,-0.0
5528,001,-0.3
5529,001,-0.3
5530,001,-0.3
5531,001,-0.3
5532,101,-0.09999999999999998
5533,100,-0.2
5534,101,-0.09999999999999998
5535,101,-0.09999999999999998
5536,001,-0.3
5537,000,-0.0
5538,001,-0.3
5539,000,-0.0
5540,010,0.1
5541,000,-0.0
5542,100,-0.2
5543,110,-0.9
5544,111,-1.4
5545,111,-1.4
5546,110,-0.9
5547,110,-0.9
5548,111,-1.4
5549,101,-0.09999999999999998
5550,111,-1.4
5551,110,-0.9
5552,100,-0.2
5553,100,-0.2
5554,100,-0.2
5555,100,-0.2
5556,110,-0.9
5557,110,-0.9
5558,111,-1.4
5559,011,-0.7999999999999999
5560,010,0.1
5561,010,0.1
5562,110,-0.9
5563,110,-0.9
5564,110,-0.9
5565,111,-1.4
5566,111,-1.4
5567,111,-1.4
5568,111,-1.4
5569,111,-1.4
5570,011,-0.7999999999999999
5571,011,-0.7999999999999999
5572,011,-0.7999999999999999
5573,111,-1.4
5574,101,-0.09999999999999998
5575,101,-0.09999999999999998
5576,111,-1.4
5577,101,-0.09999999999999998
5578,001,-0.3
5579,001,-0.3
5580,011,-0.7999999999999999
5581,011,-0.7999999999999999
5582,111,-1.4
5583,110,-0.9
5584,010,0.1
5585,000,-0.0
5586,100,-0.2
5587,101,-0.09999999999999998
5588,100,-0.2
5589,100,-0.2
5590,110,-0.9
5591,110,-0.9
5592,111,-1.4
5593,111,-1.4
5594,111,-1.4
5595,111,-1.4
5596,111,-1.4
5597,111,-1.4
5598,111,-1.4
5599,111,-1.4
5600,101,-0.09999999999999998
5601,101,-0.09999999999999998
5602,001,-0.3
5603,001,-0.3
5604,001,-0.3
5605,000,-0.0
5606,100,-0.2
5607,100,-0.2
5608,100,-0.2
5609,000,-0.0
5610,010,0.1
5611,010,0.1
5612,010,0.1
5613,010,0.1
5614,010,0.1
5615,110,-0.9
5616,100,-0.2
5617,101,-0.09999999999999998
5618,100,-0.2
5619,110,-0.9
5620,110,-0.9
5621,111,-1.4
5622,111,-1.4
5623,111,-1.4
5624,111,-1.4
5625,110,-0.9
5626,100,-0.2
5627,110,-0.9
5628,111,-1.4
5629,111,-1.4
5630,111,-1.4
5631,110,-0.9
5632,110,-0.9
5633,111,-1.4
5634,110,-0.9
5635,111,-1.4
5636,111,-1.4
5637,110,-0.9
5638,110,-0.9
5639,110,-0.9
5640,110,-0.9
5641,111,-1.4
5642,110,-0.9
5643,111,-1.4
5644,111,-1.4
5645,111,-1.4
5646,111,-1.4
5647,111,-1.4
5648,111,-1.4
5649,111,-1.4
5650,111,-1.4
5651,111,-1.4
5652,011,-0.7999999999999999
5653,111,-1.4
5654,111,-1.4
5655,111,-1.4
5656,111,-1.4
5657,101,-0.09999999999999998
5658,100,-0.2
5659,100,-0.2
5660,000,-0.0
5661,000,-0.0
5662,000,-0.0
5663,010,0.1
5664,010,0.1
5665,011,-0.7999999999999999
5666,111,-1.4
5667,111,-1.4
5668,111,-1.4
5669,111,-1.4
5670,111,-1.4
5671,111,-1.4
5672,110,-0.9
5673,110,-0.9
5674,110,-0.9
5675,110,-0.9
5676,110,-0.9
5677,110,-0.9
5678,111,-1.4
5679,111,-1.4
5680,011,-0.7999999999999999
5681,011,-0.7999999999999999
5682,011,-0.7999999999999999
5683,011,-0.7999999999999999
5684,111,-1.4
5685,101,-0.09999999999999998
5686,001,-0.3
5687,001,-0.3
5688,001,-0.3
5689,001,-0.3
5690,011,-0.7999999999999999
5691,011,-0.7999999999999999
5692,011,-0.7999999999999999
5693,011,-0.7999999999999999
5694,011,-0.7999999999999999
5695,011,-0.7999999999999999
5696,011,-0.7999999999999999
5697,011,-0.7999999999999999
5698,011,-0.7999999999999999
5699,011,-0.7999999999999999
5700,111,-1.4
5701,111,-1.4
5702,111,-1.4
5703,101,-0.09999999999999998
5704,111,-1.4
5705,111,-1.4
5706,110,-0.9
5707,110,-0.9
5708,110,-0.9
5709,100,-0.2
5710,000,-0.0
5711,001,-0.3
5712,011,-0.7999999999999999
5713,011,-0.7999999999999999
5714,010,0.1
5715,011,-0.7999999999999999
5716,111,-1.4
5717,111,-1.4
5718,011,-0.7999999999999999
5719,111,-1.4
5720,111,-1.4
5721,110,-0.9
5722,111,-1.4
5723,111,-1.4
5724,101,-0.09999999999999998
5725,001,-0.3
5726,001,-0.3
5727,101,-0.09999999999999998
5728,101,-0.09999999999999998
5729,100,-0.2
5730,100,-0.2
5731,101,-0.09999999999999998
5732,101,-0.09999999999999998
5733,101,-0.09999999999999998
5734,111,-1.4
5735,111,-1.4
5736,111,-1.4
5737,101,-0.09999999999999998
5738,101,-0.09999999999999998
5739,101,-0.09999999999999998
5740,111,-1.4
5741,111,-1.4
5742,111,-1.4
5743,111,-1.4
5744,111,-1.4
5745,110,-0.9
5746,110,-0.9
5747,110,-0.9
5748,111,-1.4
5749,111,-1.4
5750,011,-0.7999999999999999
5751,001,-0.3
5752,001,-0.3
5753,000,-0.0
5754,010,0.1
5755,010,0.1
5756,010,0.1
5757,000,-0.0
5758,010,0.1
5759,011,-0.7999999999999999
5760,011,-0.7999999999999999
5761,011,-0.7999999999999999
5762,001,-0.3
5763,001,-0.3
5764,001,-0.3
5765,001,-0.3
5766,001,-0.3
5767,011,-0.7999999999999999
5768,011,-0.7999999999999999
5769,011,-0.7999999999999999
5770,010,0.1
5771,010,0.1
5772,110,-0.9
5773,110,-0.9
5774,111,-1.4
5775,110,-0.9
5776,110,-0.9
5777,010,0.1
5778,010,0.1
5779,000,-0.0
5780,010,0.1
5781,000,-0.0
5782,001,-0.3
5783,011,-0.7999999999999999
5784,011,-0.7999999999999999
5785,011,-0.7999999999999999
5786,011,-0.7999999999999999
5787,011,-0.7999999999999999
5788,011,-0.7999999999999999
5789,011,-0.7999999999999999
5790,001,-0.3
5791,001,-0.3
5792,001,-0.3
5793,001,-0.3
5794,001,-0.3
5795,001,-0.3
5796,011,-0.7999999999999999
5797,011,-0.7999999999999999
5798,010,0.1
5799,010,0.1
5800,110,-0.9
5801,111,-1.4
5802,111,-1.4
5803,111,-1.4
5804,111,-1.4
5805,111,-1.4
5806,101,-0.09999999999999998
5807,111,-1.4
5808,101,-0.09999999999999998
5809,101,-0.09999999999999998
5810,111,-1.4
5811,111,-1.4
5812,111,-1.4
5813,111,-1.4
5814,111,-1.4
5815,111,-1.4
5816,111,-1.4
5817,101,-0.09999999999999998
5818,111,-1.4
5819,111,-1.4
5820,111,-1.4
5821,011,-0.7999999999999999
5822,011,-0.7999999999999999
5823,011,-0.7999999999999999
5824,011,-0.7999999999999999
5825,011,-0.7999999999999999
5826,111,-1.4
5827,111,-1.4
5828,111,-1.4
5829,111,-1.4
5830,111,-1.4
5831,110,-0.9
5832,110,-0.9
5833,110,-0.9
5834,110,-0.9
5835,100,-0.2
5836,110,-0.9
5837,110,-0.9
5838,100,-0.2
5839,110,-0.9
5840,110,-0.9
5841,110,-0.9
5842,111,-1.4
5843,011,-0.7999999999999999
5844,011,-0.7999999999999999
5845,001,-0.3
5846,101,-0.09999999999999998
5847,001,-0.3
5848,001,-0.3
5849,000,-0.0
5850,000,-0.0
5851,000,-0.0
5852,001,-0.3
5853,101,-0.09999999999999998
5854,111,-1.4
5855,111,-1.4
5856,110,-0.9
5857,110,-0.9
5858,100,-0.2
5859,101,-0.09999999999999998
5860,100,-0.2
5861,110,-0.9
5862,110,-0.9
5863,111,-1.4
5864,111,-1.4
5865,111,-1.4
5866,111,-1.4
5867,111,-1.4
5868,011,-0.7999999999999999
5869,011,-0.7999999999999999
5870,011,-0.7999999999999999
5871,011,-0.7999999999999999
5872,011,-0.7999999999999999
5873,011,-0.7999999999999999
5874,111,-1.4
5875,111,-1.4
5876,111,-1.4
5877,111,-1.4
5878,111,-1.4
5879,111,-1.4
5880,111,-1.4
5881,111,-1.4
5882,111,-1.4
5883,111,-1.4
5884,111,-1.4
5885,111,-1.4
5886,011,-0.7999999999999999
5887,011,-0.7999999999999999
5888,111,-1.4
5889,101,-0.09999999999999998
5890,101,-0.09999999999999998
5891,100,-0.2
5892,100,-0.2
5893,100,-0.2
5894,000,-0.0
5895,001,-0.3
5896,001,-0.3
5897,001,-0.3
5898,011,-0.7999999999999999
5899,011,-0.7999999999999999
5900,011,-0.7999999999999999
5901,111,-1.4
5902,111,-1.4
5903,011,-0.7999999999999999
5904,011,-0.7999999999999999
5905,011,-0.7999999999999999
5906,011,-0.7999999999999999
5907,011,-0.7999999999999999
5908,011,-0.7999999999999999
5909,010,0.1
5910,010,0.1
5911,110,-0.9
5912,010,0.1
5913,011,-0.7999999999999999
5914,010,0.1
5915,010,0.1
5916,110,-0.9
5917,010,0.1
5918,110,-0.9
5919,111,-1.4
5920,110,-0.9
5921,110,-0.9
5922,110,-0.9
5923,111,-1.4
5924,111,-1.4
5925,111,-1.4
5926,111,-1.4
5927,111,-1.4
5928,011,-0.7999999999999999
5929,001,-0.3
5930,001,-0.3
5931,101,-0.09999999999999998
5932,101,-0.09999999999999998
5933,101,-0.09999999999999998
5934,111,-1.4
5935,111,-1.4
5936,111,-1.4
5937,111,-1.4
5938,111,-1.4
5939,111,-1.4
5940,111,-1.4
5941,101,-0.09999999999999998
5942,100,-0.2
5943,110,-0.9
5944,111,-1.4
5945,111,-1.4
5946,101,-0.09999999999999998
5947,100,-0.2
5948,000,-0.0
5949,100,-0.2
5950,100,-0.2
5951,100,-0.2
5952,101,-0.09999999999999998
5953,101,-0.09999999999999998
5954,101,-0.09999999999999998
5955,101,-0.09999999999999998
5956,111,-1.4
5957,110,-0.9
5958,100,-0.2
5959,110,-0.9
5960,110,-0.9
5961,110,-0.9
5962,111,-1.4
5963,011,-0.7999999999999999
5964,111,-1.4
5965,111,-1.4
5966,101,-0.09999999999999998
5967,001,-0.3
5968,101,-0.09999999999999998
5969,111,-1.4
5970,111,-1.4
5971,111,-1.4
5972,111,-1.4
5973,011,-0.7999999999999999
5974,111,-1.4
5975,111,-1.4
5976,111,-1.4
5977,101,-0.09999999999999998
5978,111,-1.4
5979,110,-0.9
5980,111,-1.4
5981,111,-1.4
5982,110,-0.9
5983,010,0.1
5984,110,-0.9
5985,010,0.1
5986,011,-0.7999999999999999
5987,011,-0.7999999999999999
5988,011,-0.7999999999999999
5989,011,-0.7999999999999999
5990,011,-0.7999999999999999
5991,011,-0.7999999999999999
5992,010,0.1
5993,010,0.1
5994,011,-0.7999999999999999
5995,011,-0.7999999999999999
5996,001,-0.3
5997,001,-0.3
5998,001,-0.3
5999,000,-0.0
6000,000,-0.0
6001,001,-0.3
6002,011,-0.7999999999999999
6003,011,-0.7999999999999999
6004,011,-0.7999999999999999
6005,011,-0.7999999999999999
6006,111,-1.4
6007,011,-0.7999999999999999
6008,111,-1.4
6009,111,-1.4
6010,111,-1.4
6011,111,-1.4
6012,110,-0.9
6013,010,0.1
6014,010,0.1
6015,010,0.1
6016,010,0.1
6017,011,-0.7999999999999999
6018,011,-0.7999999999999999
6019,011,-0.7999999999999999
6020,111,-1.4
6021,111,-1.4
6022,111,-1.4
6023,110,-0.9
6024,110,-0.9
6025,010,0.1
6026,011,-0.7999999999999999
6027,111,-1.4
6028,110,-0.9
6029,010,0.1
6030,010,0.1
6031,011,-0.7999999999999999
6032,001,-0.3
6033,001,-0.3
6034,101,-0.09999999999999998
6035,111,-1.4
6036,111,-1.4
6037,111,-1.4
6038,110,-0.9
6039,110,-0.9
6040,110,-0.9
6041,110,-0.9
6042,100,-0.2
6043,100,-0.2
6044,100,-0.2
6045,100,-0.2
6046,101,-0.09999999999999998
6047,101,-0.09999999999999998
6048,001,-0.3
6049,000,-0.0
6050,000,-0.0
6051,000,-0.0
6052,010,0.1
6053,011,-0.7999999999999999
6054,011,-0.7999999999999999
6055,011,-0.7999999999999999
6056,011,-0.7999999999999999
6057,111,-1.4
6058,110,-0.9
6059,110,-0.9
6060,110,-0.9
6061,111,-1.4
6062,111,-1.4
6063,011,-0.7999999999999999
6064,111,-1.4
6065,110,-0.9
6066,110,-0.9
6067,100,-0.2
6068,110,-0.9
6069,111,-1.4
6070,111,-1.4
6071,111,-1.4
6072,011,-0.7999999999999999
6073,011,-0.7999999999999999
6074,111,-1.4
6075,111,-1.4
6076,110,-0.9
6077,110,-0.9
6078,100,-0.2
6079,101,-0.09999999999999998
6080,100,-0.2
6081,100,-0.2
6082,101,-0.09999999999999998
6083,101,-0.09999999999999998
6084,101,-0.09999999999999998
6085,111,-1.4
6086,111,-1.4
6087,111,-1.4
6088,111,-1.4
6089,111,-1.4
6090,111,-1.4
6091,111,-1.4
6092,101,-0.09999999999999998
6093,101,-0.09999999999999998
6094,101,-0.09999999999999998
6095,111,-1.4
6096,011,-0.7999999999999999
6097,011,-0.7999999999999999
6098,011,-0.7999999999999999
6099,111,-1.4
6100,111,-1.4
6101,111,-1.4
6102,111,-1.4
6103,110,-0.9
6104,111,-1.4
6105,111,-1.4
6106,111,-1.4
6107,111,-1.4
6108,111,-1.4
6109,111,-1.4
6110,111,-1.4
6111,110,-0.9
6112,110,-0.9
6113,110,-0.9
6114,100,-0.2
6115,101,-0.09999999999999998
6116,111,-1.4
6117,110,-0.9
6118,111,-1.4
6119,111,-1.4
6120,111,-1.4
6121,111,-1.4
6122,111,-1.4
6123,011,-0.7999999999999999
6124,011,-0.7999999999999999
6125,011,-0.7999999999999999
6126,010,0.1
6127,011,-0.7999999999999999
6128,011,-0.7999999999999999
6129,011,-0.7999999999999999
6130,011,-0.7999999999999999
6131,011,-0.7999999999999999
6132,111,-1.4
6133,111,-1.4
6134,111,-1.4
6135,011,-0.7999999999999999
6136,111,-1.4
6137,111,-1.4
6138,111,-1.4
6139,111,-1.4
6140,011,-0.7999999999999999
6141,011,-0.7999999999999999
6142,111,-1.4
6143,011,-0.7999999999999999
6144,011,-0.7999999999999999
6145,111,-1.4
6146,110,-0.9
6147,110,-0.9
6148,110,-0.9
6149,110,-0.9
6150,110,-0.9
6151,111,-1.4
6152,111,-1.4
6153,111,-1.4
6154,111,-1.4
6155,111,-1.4
6156,111,-1.4
6157,111,-1.4
6158,111,-1.4
6159,011,-0.7999999999999999
6160,001,-0.3
6161,011,-0.7999999999999999
6162,011,-0.7999999999999999
6163,011,-0.7999999999999999
6164,011,-0.7999999999999999
6165,011,-0.7999999999999999
6166,011,-0.7999999999999999
6167,011,-0.7999999999999999
6168,010,0.1
6169,010,0.1
6170,000,-0.0
6171,001,-0.3
6172,001,-0.3
6173,001,-0.3
6174,011,-0.7999999999999999
6175,011,-0.7999999999999999
6176,011,-0.7999999999999999
6177,001,-0.3
6178,000,-0.0
6179,100,-0.2
6180,000,-0.0
6181,010,0.1
6182,000,-0.0
6183,001,-0.3
6184,001,-0.3
6185,000,-0.0
6186,000,-0.0
6187,000,-0.0
6188,010,0.1
6189,010,0.1
6190,011,-0.7999999999999999
6191,011,-0.7999999999999999
6192,011,-0.7999999999999999
6193,011,-0.7999999999999999
6194,010,0.1
6195,010,0.1
6196,010,0.1
6197,110,-0.9
6198,110,-0.9
6199,111,-1.4
6200,011,-0.7999999999999999
6201,011,-0.7999999999999999
6202,111,-1.4
6203,111,-1.4
6204,111,-1.4
6205,111,-1.4
6206,111,-1.4
6207,111,-1.4
6208,111,-1.4
6209,111,-1.4
6210,111,-1.4
6211,111,-1.4
6212,111,-1.4
6213,111,-1.4
6214,110,-0.9
6215,100,-0.2
6216,100,-0.2
6217,100,-0.2
6218,100,-0.2
6219,100,-0.2
6220,110,-0.9
6221,110,-0.9
6222,110,-0.9
6223,110,-0.9
6224,110,-0.9
6225,110,-0.9
6226,110,-0.9
6227,110,-0.9
6228,110,-0.9
6229,110,-0.9
6230,110,-0.9
6231,110,-0.9
6232,110,-0.9
6233,110,-0.9
6234,111,-1.4
6235,111,-1.4
6236,111,-1.4
6237,111,-1.4
6238,110,-0.9
6239,010,0.1
6240,010,0.1
6241,110,-0.9
6242,111,-1.4
6243,111,-1.4
6244,011,-0.7999999999999999
6245,010,0.1
6246,010,0.1
6247,110,-0.9
6248,100,-0.2
6249,100,-0.2
6250,000,-0.0
6251,100,-0.2
6252,100,-0.2
6253,101,-0.09999999999999998
6254,100,-0.2
6255,100,-0.2
6256,100,-0.2
6257,100,-0.2
6258,100,-0.2
6259,000,-0.0
6260,010,0.1
6261,011,-0.7999999999999999
6262,011,-0.7999999999999999
6263,011,-0.7999999999999999
6264,111,-1.4
6265,111,-1.4
6266,110,-0.9
6267,110,-0.9
6268,111,-1.4
6269,011,-0.7999999999999999
6270,011,-0.7999999999999999
6271,001,-0.3
6272,001,-0.3
6273,001,-0.3
6274,001,-0.3
6275,001,-0.3
6276,001,-0.3
6277,001,-0.3
6278,000,-0.0
6279,000,-0.0
6280,100,-0.2
6281,101,-0.09999999999999998
6282,100,-0.2
6283,110,-0.9
6284,110,-0.9
6285,110,-0.9
6286,110,-0.9
6287,110,-0.9
6288,010,0.1
6289,011,-0.7999999999999999
6290,011,-0.7999999999999999
6291,011,-0.7999999999999999
6292,011,-0.7999999999999999
6293,011,-0.7999999999999999
6294,010,0.1
6295,110,-0.9
6296,111,-1.4
6297,111,-1.4
6298,111,-1.4
6299,111,-1.4
6300,111,-1.4
6301,111,-1.4
6302,111,-1.4
6303,101,-0.09999999999999998
6304,111,-1.4
6305,111,-1.4
6306,111,-1.4
6307,011,-0.7999999999999999
6308,011,-0.7999999999999999
6309,011,-0.7999999999999999
6310,011,-0.7999999999999999
6311,111,-1.4
6312,111,-1.4
6313,111,-1.4
6314,111,-1.4
6315,011,-0.7999999999999999
6316,011,-0.7999999999999999
6317,011,-0.7999999999999999
6318,011,-0.7999999999999999
6319,111,-1.4
6320,111,-1.4
6321,111,-1.4
6322,111,-1.4
6323,101,-0.09999999999999998
6324,100,-0.2
6325,110,-0.9
6326,110,-0.9
6327,100,-0.2
6328,110,-0.9
6329,010,0.1
6330,000,-0.0
6331,000,-0.0
6332,010,0.1
6333,010,0.1
6334,110,-0.9
6335,110,-0.9
6336,010,0.1
6337,011,-0.7999999999999999
6338,011,-0.7999999999999999
6339,111,-1.4
6340,110,-0.9
6341,111,-1.4
6342,111,-1.4
6343,111,-1.4
6344,111,-1.4
6345,110,-0.9
6346,111,-1.4
6347,111,-1.4
6348,110,-0.9
6349,111,-1.4
6350,111,-1.4
6351,011,-0.7999999999999999
6352,111,-1.4
6353,011,-0.7999999999999999
6354,011,-0.7999999999999999
6355,011,-0.7999999999999999
6356,111,-1.4
6357,110,-0.9
6358,100,-0.2
6359,100,-0.2
6360,100,-0.2
6361,100,-0.2
6362,100,-0.2
6363,100,-0.2
6364,100,-0.2
6365,100,-0.2
6366,100,-0.2
6367,110,-0.9
6368,110,-0.9
6369,110,-0.9
6370,110,-0.9
6371,110,-0.9
6372,110,-0.9
6373,110,-0.9
6374,110,-0.9
6375,110,-0.9
6376,111,-1.4
6377,111,-1.4
6378,111,-1.4
6379,111,-1.4
6380,110,-0.9
6381,010,0.1
6382,010,0.1
6383,010,0.1
6384,011,-0.7999999999999999
6385,011,-0.7999999999999999
6386,011,-0.7999999999999999
6387,011,-0.7999999999999999
6388,010,0.1
6389,110,-0.9
6390,110,-0.9
6391,110,-0.9
6392,110,-0.9
6393,111,-1.4
6394,101,-0.09999999999999998
6395,001,-0.3
6396,011,-0.7999999999999999
6397,111,-1.4
6398,011,-0.7999999999999999
6399,111,-1.4
6400,110,-0.9
6401,110,-0.9
6402,110,-0.9
6403,111,-1.4
6404,111,-1.4
6405,111,-1.4
6406,111,-1.4
6407,111,-1.4
6408,111,-1.4
6409,111,-1.4
6410,111,-1.4
6411,111,-1.4
6412,111,-1.4
6413,111,-1.4
6414,111,-1.4
6415,111,-1.4
6416,111,-1.4
6417,110,-0.9
6418,110,-0.9
6419,111,-1.4
6420,101,-0.09999999999999998
6421,111,-1.4
6422,011,-0.7999999999999999
6423,011,-0.7999999999999999
6424,001,-0.3
6425,001,-0.3
6426,001,-0.3
6427,000,-0.0
6428,100,-0.2
6429,110,-0.9
6430,010,0.1
6431,000,-0.0
6432,001,-0.3
6433,000,-0.0
6434,000,-0.0
6435,000,-0.0
6436,000,-0.0
6437,010,0.1
6438,010,0.1
6439,011,-0.7999999999999999
6440,001,-0.3
6441,101,-0.09999999999999998
6442,111,-1.4
6443,111,-1.4
6444,111,-1.4
6445,110,-0.9
6446,111,-1.4
6447,111,-1.4
6448,111,-1.4
6449,011,-0.7999999999999999
6450,011,-0.7999999999999999
6451,011,-0.7999999999999999
6452,111,-1.4
6453,111,-1.4
6454,111,-1.4
6455,011,-0.7999999999999999
6456,001,-0.3
6457,001,-0.3
6458,101,-0.09999999999999998
6459,111,-1.4
6460,111,-1.4
6461,111,-1.4
6462,011,-0.7999999999999999
6463,111,-1.4
6464,111,-1.4
6465,111,-1.4
6466,111,-1.4
6467,111,-1.4
6468,110,-0.9
6469,110,-0.9
6470,110,-0.9
6471,110,-0.9
6472,110,-0.9
6473,111,-1.4
6474,111,-1.4
6475,011,-0.7999999999999999
6476,111,-1.4
6477,101,-0.09999999999999998
6478,001,-0.3
6479,001,-0.3
6480,011,-0.7999999999999999
6481,011,-0.7999999999999999
6482,010,0.1
6483,000,-0.0
6484,100,-0.2
6485,000,-0.0
6486,100,-0.2
6487,000,-0.0
6488,010,0.1
6489,000,-0.0
6490,010,0.1
6491,000,-0.0
6492,000,-0.0
6493,000,-0.0
6494,001,-0.3
6495,011,-0.7999999999999999
6496,111,-1.4
6497,111,-1.4
6498,111,-1.4
6499,111,-1.4
6500,111,-1.4
6501,111,-1.4
6502,111,-1.4
6503,111,-1.4
6504,101,-0.09999999999999998
6505,111,-1.4
6506,011,-0.7999999999999999
6507,111,-1.4
6508,111,-1.4
6509,111,-1.4
6510,111,-1.4
6511,101,-0.09999999999999998
6512,001,-0.3
6513,011,-0.7999999999999999
6514,011,-0.7999999999999999
6515,011,-0.7999999999999999
6516,011,-0.7999999999999999
6517,111,-1.4
6518,110,-0.9
6519,100,-0.2
6520,100,-0.2
6521,100,-0.2
6522,100,-0.2
6523,100,-0.2
6524,101,-0.09999999999999998
6525,111,-1.4
6526,111,-1.4
6527,101,-0.09999999999999998
6528,101,-0.09999999999999998
6529,101,-0.09999999999999998
6530,100,-0.2
6531,101,-0.09999999999999998
6532,101,-0.09999999999999998
6533,111,-1.4
6534,111,-1.4
6535,101,-0.09999999999999998
6536,101,-0.09999999999999998
6537,001,-0.3
6538,001,-0.3
6539,101,-0.09999999999999998
6540,001,-0.3
6541,011,-0.7999999999999999
6542,011,-0.7999999999999999
6543,011,-0.7999999999999999
6544,011,-0.7999999999999999
6545,011,-0.7999999999999999
6546,111,-1.4
6547,101,-0.09999999999999998
6548,101,-0.09999999999999998
6549,111,-1.4
6550,110,-0.9
6551,111,-1.4
6552,111,-1.4
6553,111,-1.4
6554,111,-1.4
6555,011,-0.7999999999999999
6556,011,-0.7999999999999999
6557,011,-0.7999999999999999
6558,011,-0.7999999999999999
6559,011,-0.7999999999999999
6560,011,-0.7999999999999999
6561,001,-0.3
6562,000,-0.0
6563,000,-0.0
6564,001,-0.3
6565,101,-0.09999999999999998
6566,101,-0.09999999999999998
6567,101,-0.09999999999999998
6568,100,-0.2
6569,100,-0.2
6570,101,-0.09999999999999998
6571,101,-0.09999999999999998
6572,101,-0.09999999999999998
6573,001,-0.3
6574,011,-0.7999999999999999
6575,111,-1.4
6576,111,-1.4
6577,111,-1.4
6578,011,-0.7999999999999999
6579,011,-0.7999999999999999
6580,010,0.1
6581,010,0.1
6582,000,-0.0
6583,100,-0.2
6584,000,-0.0
6585,100,-0.2
6586,110,-0.9
6587,100,-0.2
6588,110,-0.9
6589,110,-0.9
6590,110,-0.9
6591,110,-0.9
6592,100,-0.2
6593,110,-0.9
6594,110,-0.9
6595,010,0.1
6596,011,-0.7999999999999999
6597,011,-0.7999999999999999
6598,001,-0.3
6599,011,-0.7999999999999999
6600,001,-0.3
6601,001,-0.3
6602,101,-0.09999999999999998
6603,101,-0.09999999999999998
6604,101,-0.09999999999999998
6605,101,-0.09999999999999998
6606,111,-1.4
6607,110,-0.9
6608,111,-1.4
6609,011,-0.7999999999999999
6610,010,0.1
6611,110,-0.9
6612,110,-0.9
6613,110,-0.9
6614,110,-0.9
6615,111,-1.4
6616,111,-1.4
6617,110,-0.9
6618,110,-0.9
6619,111,-1.4
6620,011,-0.7999999999999999
6621,111,-1.4
6622,101,-0.09999999999999998
6623,111,-1.4
6624,111,-1.4
6625,110,-0.9
6626,110,-0.9
6627,110,-0.9
6628,110,-0.9
6629,110,-0.9
6630,010,0.1
6631,011,-0.7999999999999999
6632,111,-1.4
6633,111,-1.4
6634,111,-1.4
6635,111,-1.4
6636,110,-0.9
6637,100,-0.2
6638,101,-0.09999999999999998
6639,101,-0.09999999999999998
6640,101,-0.09999999999999998
6641,101,-0.09999999999999998
6642,101,-0.09999999999999998
6643,101,-0.09999999999999998
6644,001,-0.3
6645,001,-0.3
6646,000,-0.0
6647,000,-0.0
6648,001,-0.3
6649,001,-0.3
6650,001,-0.3
6651,001,-0.3
6652,001,-0.3
6653,011,-0.7999999999999999
6654,111,-1.4
6655,111,-1.4
6656,111,-1.4
6657,110,-0.9
6658,110,-0.9
6659,110,-0.9
6660,010,0.1
6661,010,0.1
6662,011,-0.7999999999999999
6663,011,-0.7999999999999999
6664,011,-0.7999999999999999
6665,011,-0.7999999999999999
6666,011,-0.7999999999999999
6667,011,-0.7999999999999999
6668,011,-0.7999999999999999
6669,111,-1.4
6670,111,-1.4
6671,110,-0.9
6672,100,-0.2
6673,110,-0.9
6674,110,-0.9
6675,110,-0.9
6676,110,-0.9
6677,111,-1.4
6678,111,-1.4
6679,101,-0.09999999999999998
6680,101,-0.09999999999999998
6681,101,-0.09999999999999998
6682,101,-0.09999999999999998
6683,001,-0.3
6684,101,-0.09999999999999998
6685,101,-0.09999999999999998
6686,100,-0.2
6687,101,-0.09999999999999998
6688,111,-1.4
6689,111,-1.4
6690,111,-1.4
6691,011,-0.7999999999999999
6692,011,-0.7999999999999999
6693,001,-0.3
6694,001,-0.3
6695,011,-0.7999999999999999
6696,001,-0.3
6697,001,-0.3
6698,001,-0.3
6699,101,-0.09999999999999998
6700,111,-1.4
6701,111,-1.4
6702,110,-0.9
6703,110,-0.9
6704,111,-1.4
6705,111,-1.4
6706,111,-1.4
6707,111,-1.4
6708,011,-0.7999999999999999
6709,011,-0.7999999999999999
6710,010,0.1
6711,000,-0.0
6712,001,-0.3
6713,001,-0.3
6714,001,-0.3
6715,000,-0.0
6716,000,-0.0
6717,000,-0.0
6718,001,-0.3
6719,101,-0.09999999999999998
6720,111,-1.4
6721,111,-1.4
6722,111,-1.4
6723,111,-1.4
6724,101,-0.09999999999999998
6725,100,-0.2
6726,100,-0.2
6727,101,-0.09999999999999998
6728,001,-0.3
6729,011,-0.7999999999999999
6730,111,-1.4
6731,111,-1.4
6732,111,-1.4
6733,011,-0.7999999999999999
6734,011,-0.7999999999999999
6735,011,-0.7999999999999999
6736,001,-0.3
6737,101,-0.09999999999999998
6738,111,-1.4
6739,111,-1.4
6740,011,-0.7999999999999999
6741,111,-1.4
6742,111,-1.4
6743,111,-1.4
6744,111,-1.4
6745,111,-1.4
6746,111,-1.4
6747,111,-1.4
6748,011,-0.7999999999999999
6749,011,-0.7999999999999999
6750,011,-0.7999999999999999
6751,011,-0.7999999999999999
6752,010,0.1
6753,110,-0.9
6754,111,-1.4
6755,111,-1.4
6756,111,-1.4
6757,101,-0.09999999999999998
6758,100,-0.2
6759,000,-0.0
6760,000,-0.0
6761,001,-0.3
6762,011,-0.7999999999999999
6763,010,0.1
6764,110,-0.9
6765,111,-1.4
6766,111,-1.4
6767,111,-1.4
6768,111,-1.4
6769,111,-1.4
6770,111,-1.4
6771,111,-1.4
6772,111,-1.4
6773,111,-1.4
6774,011,-0.7999999999999999
6775,011,-0.7999999999999999
6776,111,-1.4
6777,111,-1.4
6778,110,-0.9
6779,110,-0.9
6780,111,-1.4
6781,110,-0.9
6782,110,-0.9
6783,100,-0.2
6784,110,-0.9
6785,110,-0.9
6786,110,-0.9
6787,110,-0.9
6788,110,-0.9
6789,110,-0.9
6790,111,-1.4
6791,111,-1.4
6792,111,-1.4
6793,111,-1.4
6794,111,-1.4
6795,111,-1.4
6796,111,-1.4
6797,011,-0.7999999999999999
6798,011,-0.7999999999999999
6799,011,-0.7999999999999999
6800,011,-0.7999999999999999
6801,011,-0.7999999999999999
6802,011,-0.7999999999999999
6803,011,-0.7999999999999999
6804,011,-0.7999999999999999
6805,011,-0.7999999999999999
6806,111,-1.4
6807,011,-0.7999999999999999
6808,011,-0.7999999999999999
6809,001,-0.3
6810,001,-0.3
6811,011,-0.7999999999999999
6812,001,-0.3
6813,001,-0.3
6814,101,-0.09999999999999998
6815,111,-1.4
6816,111,-1.4
6817,110,-0.9
6818,100,-0.2
6819,100,-0.2
6820,101,-0.09999999999999998
6821,101,-0.09999999999999998
6822,101,-0.09999999999999998
6823,001,-0.3
6824,101,-0.09999999999999998
6825,100,-0.2
6826,101,-0.09999999999999998
6827,100,-0.2
6828,110,-0.9
6829,110,-0.9
6830,111,-1.4
6831,111,-1.4
6832,111,-1.4
6833,101,-0.09999999999999998
6834,101,-0.09999999999999998
6835,111,-1.4
6836,101,-0.09999999999999998
6837,111,-1.4
6838,111,-1.4
6839,111,-1.4
6840,111,-1.4
6841,111,-1.4
6842,111,-1.4
6843,110,-0.9
6844,110,-0.9
6845,010,0.1
6846,010,0.1
6847,010,0.1
6848,000,-0.0
6849,100,-0.2
6850,101,-0.09999999999999998
6851,100,-0.2
6852,101,-0.09999999999999998
6853,001,-0.3
6854,001,-0.3
6855,001,-0.3
6856,000,-0.0
6857,000,-0.0
6858,000,-0.0
6859,000,-0.0
6860,010,0.1
6861,010,0.1
6862,110,-0.9
6863,110,-0.9
6864,111,-1.4
6865,110,-0.9
6866,110,-0.9
6867,110,-0.9
6868,110,-0.9
6869,100,-0.2
6870,100,-0.2
6871,000,-0.0
6872,100,-0.2
6873,000,-0.0
6874,000,-0.0
6875,100,-0.2
6876,101,-0.09999999999999998
6877,111,-1.4
6878,111,-1.4
6879,111,-1.4
6880,110,-0.9
6881,110,-0.9
6882,010,0.1
6883,010,0.1
6884,110,-0.9
6885,111,-1.4
6886,111,-1.4
6887,111,-1.4
6888,111,-1.4
6889,011,-0.7999999999999999
6890,011,-0.7999999999999999
6891,111,-1.4
6892,101,-0.09999999999999998
6893,101,-0.09999999999999998
6894,100,-0.2
6895,100,-0.2
6896,100,-0.2
6897,000,-0.0
6898,100,-0.2
6899,000,-0.0
6900,000,-0.0
6901,000,-0.0
6902,001,-0.3
6903,001,-0.3
6904,000,-0.0
6905,001,-0.3
6906,001,-0.3
6907,001,-0.3
6908,000,-0.0
6909,000,-0.0
6910,010,0.1
6911,010,0.1
6912,110,-0.9
6913,100,-0.2
6914,000,-0.0
6915,001,-0.3
6916,011,-0.7999999999999999
6917,001,-0.3
6918,001,-0.3
6919,001,-0.3
6920,001,-0.3
6921,001,-0.3
6922,001,-0.3
6923,001,-0.3
6924,000,-0.0
6925,000,-0.0
6926,100,-0.2
6927,101,-0.09999999999999998
6928,101,-0.09999999999999998
6929,101,-0.09999999999999998
6930,111,-1.4
6931,110,-0.9
6932,010,0.1
6933,000,-0.0
6934,010,0.1
6935,010,0.1
6936,000,-0.0
6937,000,-0.0
6938,000,-0.0
6939,001,-0.3
6940,011,-0.7999999999999999
6941,011,-0.7999999999999999
6942,001,-0.3
6943,001,-0.3
6944,000,-0.0
6945,000,-0.0
6946,000,-0.0
6947,010,0.1
6948,011,-0.7999999999999999
6949,111,-1.4
6950,111,-1.4
6951,101,-0.09999999999999998
6952,101,-0.09999999999999998
6953,001,-0.3
6954,000,-0.0
6955,010,0.1
6956,010,0.1
6957,011,-0.7999999999999999
6958,010,0.1
6959,000,-0.0
6960,000,-0.0
6961,000,-0.0
6962,010,0.1
6963,011,-0.7999999999999999
6964,111,-1.4
6965,111,-1.4
6966,111,-1.4
6967,110,-0.9
6968,010,0.1
6969,010,0.1
6970,010,0.1
6971,011,-0.7999999999999999
6972,011,-0.7999999999999999
6973,001,-0.3
6974,000,-0.0
6975,001,-0.3
6976,001,-0.3
6977,000,-0.0
6978,001,-0.3
6979,001,-0.3
6980,000,-0.0
6981,010,0.1
6982,110,-0.9
6983,100,-0.2
6984,110,-0.9
6985,100,-0.2
6986,100,-0.2
6987,101,-0.09999999999999998
6988,100,-0.2
6989,110,-0.9
6990,111,-1.4
6991,111,-1.4
6992,111,-1.4
6993,111,-1.4
6994,111,-1.4
6995,011,-0.7999999999999999
6996,111,-1.4
6997,011,-0.7999999999999999
6998,011,-0.7999999999999999
6999,011,-0.7999999999999999
7000,010,0.1
7001,010,0.1
7002,011,-0.7999999999999999
7003,111,-1.4
7004,111,-1.4
7005,111,-1.4
7006,110,-0.9
7007,010,0.1
7008,010,0.1
7009,010,0.1
7010,010,0.1
7011,010,0.1
7012,010,0.1
7013,000,-0.0
7014,010,0.1
7015,110,-0.9
7016,110,-0.9
7017,110,-0.9
7018,010,0.1
7019,010,0.1
7020,010,0.1
7021,110,-0.9
7022,110,-0.9
7023,110,-0.9
7024,010,0.1
7025,010,0.1
7026,110,-0.9
7027,110,-0.9
7028,110,-0.9
7029,110,-0.9
7030,010,0.1
7031,000,-0.0
7032,001,-0.3
7033,001,-0.3
7034,000,-0.0
7035,000,-0.0
7036,001,-0.3
7037,011,-0.7999999999999999
7038,011,-0.7999999999999999
7039,011,-0.7999999999999999
7040,011,-0.7999999999999999
7041,111,-1.4
7042,111,-1.4
7043,111,-1.4
7044,111,-1.4
7045,011,-0.7999999999999999
7046,001,-0.3
7047,001,-0.3
7048,001,-0.3
7049,001,-0.3
7050,001,-0.3
7051,101,-0.09999999999999998
7052,100,-0.2
7053,100,-0.2
7054,110,-0.9
7055,111,-1.4
7056,011,-0.7999999999999999
7057,011,-0.7999999999999999
7058,001,-0.3
7059,001,-0.3
7060,011,-0.7999999999999999
7061,011,-0.7999999999999999
7062,001,-0.3
7063,101,-0.09999999999999998
7064,101,-0.09999999999999998
7065,111,-1.4
7066,111,-1.4
7067,111,-1.4
7068,111,-1.4
7069,110,-0.9
7070,110,-0.9
7071,110,-0.9
7072,110,-0.9
7073,111,-1.4
7074,011,-0.7999999999999999
7075,011,-0.7999999999999999
7076,011,-0.7999999999999999
7077,011,-0.7999999999999999
7078,111,-1.4
7079,110,-0.9
7080,110,-0.9
7081,111,-1.4
7082,111,-1.4
7083,011,-0.7999999999999999
7084,011,-0.7999999999999999
7085,011,-0.7999999999999999
7086,111,-1.4
7087,011,-0.7999999999999999
7088,001,-0.3
7089,001,-0.3
7090,001,-0.3
7091,001,-0.3
7092,001,-0.3
7093,011,-0.7999999999999999
7094,111,-1.4
7095,111,-1.4
7096,101,-0.09999999999999998
7097,111,-1.4
7098,111,-1.4
7099,111,-1.4
7100,111,-1.4
7101,111,-1.4
7102,111,-1.4
7103,111,-1.4
7104,011,-0.7999999999999999
7105,011,-0.7999999999999999
7106,011,-0.7999999999999999
7107,111,-1.4
7108,111,-1.4
7109,111,-1.4
7110,111,-1.4
7111,101,-0.09999999999999998
7112,101,-0.09999999999999998
7113,111,-1.4
7114,101,-0.09999999999999998
7115,001,-0.3
7116,011,-0.7999999999999999
7117,011,-0.7999999999999999
7118,011,-0.7999999999999999
7119,011,-0.7999999999999999
7120,010,0.1
7121,010,0.1
7122,010,0.1
7123,011,-0.7999999999999999
7124,010,0.1
7125,000,-0.0
7126,010,0.1
7127,010,0.1
7128,010,0.1
7129,010,0.1
7130,110,-0.9
7131,110,-0.9
7132,111,-1.4
7133,110,-0.9
7134,110,-0.9
7135,111,-1.4
7136,111,-1.4
7137,111,-1.4
7138,110,-0.9
7139,111,-1.4
7140,101,-0.09999999999999998
7141,111,-1.4
7142,111,-1.4
7143,111,-1.4
7144,110,-0.9
7145,110,-0.9
7146,110,-0.9
7147,111,-1.4
7148,111,-1.4
7149,111,-1.4
7150,111,-1.4
7151,110,-0.9
7152,100,-0.2
7153,100,-0.2
7154,100,-0.2
7155,100,-0.2
7156,100,-0.2
7157,110,-0.9
7158,110,-0.9
7159,110,-0.9
7160,010,0.1
7161,010,0.1
7162,010,0.1
7163,011,-0.7999999999999999
7164,001,-0.3
7165,011,-0.7999999999999999
7166,111,-1.4
7167,111,-1.4
7168,111,-1.4
7169,111,-1.4
7170,111,-1.4
7171,110,-0.9
7172,111,-1.4
7173,111,-1.4
7174,111,-1.4
7175,110,-0.9
7176,110,-0.9
7177,111,-1.4
7178,011,-0.7999999999999999
7179,011,-0.7999999999999999
7180,011,-0.7999999999999999
7181,111,-1.4
7182,111,-1.4
7183,111,-1.4
7184,101,-0.09999999999999998
7185,111,-1.4
7186,111,-1.4
7187,111,-1.4
7188,011,-0.7999999999999999
7189,011,-0.7999999999999999
7190,011,-0.7999999999999999
7191,011,-0.7999999999999999
7192,111,-1.4
7193,111,-1.4
7194,101,-0.09999999999999998
7195,001,-0.3
7196,001,-0.3
7197,011,-0.7999999999999999
7198,011,-0.7999999999999999
7199,111,-1.4
7200,111,-1.4
7201,111,-1.4
7202,111,-1.4
7203,111,-1.4
7204,111,-1.4
7205,111,-1.4
7206,011,-0.7999999999999999
7207,011,-0.7999999999999999
7208,011,-0.7999999999999999
7209,011,-0.7999999999999999
7210,011,-0.7999999999999999
7211,001,-0.3
7212,001,-0.3
7213,001,-0.3
7214,101,-0.09999999999999998
7215,101,-0.09999999999999998
7216,001,-0.3
7217,001,-0.3
7218,001,-0.3
7219,001,-0.3
7220,101,-0.09999999999999998
7221,101,-0.09999999999999998
7222,100,-0.2
7223,110,-0.9
7224,111,-1.4
7225,110,-0.9
7226,111,-1.4
7227,111,-1.4
7228,111,-1.4
7229,111,-1.4
7230,111,-1.4
7231,011,-0.7999999999999999
7232,011,-0.7999999999999999
7233,011,-0.7999999999999999
7234,010,0.1
7235,011,-0.7999999999999999
7236,001,-0.3
7237,000,-0.0
7238,001,-0.3
7239,011,-0.7999999999999999
7240,011,-0.7999999999999999
7241,111,-1.4
7242,111,-1.4
7243,111,-1.4
7244,111,-1.4
7245,111,-1.4
7246,101,-0.09999999999999998
7247,101,-0.09999999999999998
7248,100,-0.2
7249,110,-0.9
7250,111,-1.4
7251,111,-1.4
7252,111,-1.4
7253,110,-0.9
7254,110,-0.9
7255,110,-0.9
7256,111,-1.4
7257,110,-0.9
7258,110,-0.9
7259,110,-0.9
7260,110,-0.9
7261,110,-0.9
7262,111,-1.4
7263,111,-1.4
7264,101,-0.09999999999999998
7265,101,-0.09999999999999998
7266,001,-0.3
7267,001,-0.3
7268,011,-0.7999999999999999
7269,111,-1.4
7270,111,-1.4
7271,111,-1.4
7272,110,-0.9
7273,110,-0.9
7274,110,-0.9
7275,100,-0.2
7276,110,-0.9
7277,100,-0.2
7278,100,-0.2
7279,110,-0.9
7280,100,-0.2
7281,100,-0.2
7282,100,-0.2
7283,100,-0.2
7284,101,-0.09999999999999998
7285,111,-1.4
7286,111,-1.4
7287,111,-1.4
7288,111,-1.4
7289,101,-0.09999999999999998
7290,111,-1.4
7291,110,-0.9
7292,110,-0.9
7293,110,-0.9
7294,110,-0.9
7295,111,-1.4
7296,101,-0.09999999999999998
7297,101,-0.09999999999999998
7298,001,-0.3
7299,001,-0.3
7300,001,-0.3
7301,101,-0.09999999999999998
7302,001,-0.3
7303,101,-0.09999999999999998
7304,101,-0.09999999999999998
7305,101,-0.09999999999999998
7306,100,-0.2
7307,100,-0.2
7308,110,-0.9
7309,100,-0.2
7310,110,-0.9
7311,010,0.1
7312,010,0.1
7313,110,-0.9
7314,100,-0.2
7315,100,-0.2
7316,110,-0.9
7317,111,-1.4
7318,011,-0.7999999999999999
7319,111,-1.4
7320,111,-1.4
7321,110,-0.9
7322,111,-1.4
7323,111,-1.4
7324,111,-1.4
7325,011,-0.7999999999999999
7326,011,-0.7999999999999999
7327,011,-0.7999999999999999
7328,111,-1.4
7329,111,-1.4
7330,101,-0.09999999999999998
7331,001,-0.3
7332,001,-0.3
7333,101,-0.09999999999999998
7334,001,-0.3
7335,101,-0.09999999999999998
7336,001,-0.3
7337,101,-0.09999999999999998
7338,001,-0.3
7339,001,-0.3
7340,001,-0.3
7341,011,-0.7999999999999999
7342,010,0.1
7343,110,-0.9
7344,110,-0.9
7345,110,-0.9
7346,110,-0.9
7347,110,-0.9
7348,110,-0.9
7349,110,-0.9
7350,110,-0.9
7351,110,-0.9
7352,110,-0.9
7353,010,0.1
7354,110,-0.9
7355,110,-0.9
7356,110,-0.9
7357,110,-0.9
7358,100,-0.2
7359,100,-0.2
7360,100,-0.2
7361,100,-0.2
7362,100,-0.2
7363,100,-0.2
7364,100,-0.2
7365,100,-0.2
7366,100,-0.2
7367,000,-0.0
7368,000,-0.0
7369,001,-0.3
7370,001,-0.3
7371,101,-0.09999999999999998
7372,101,-0.09999999999999998
7373,101,-0.09999999999999998
7374,101,-0.09999999999999998
7375,100,-0.2
7376,100,-0.2
7377,100,-0.2
7378,100,-0.2
7379,101,-0.09999999999999998
7380,111,-1.4
7381,011,-0.7999999999999999
7382,011,-0.7999999999999999
7383,001,-0.3
7384,001,-0.3
7385,001,-0.3
7386,011,-0.7999999999999999
7387,010,0.1
7388,010,0.1
7389,010,0.1
7390,010,0.1
7391,000,-0.0
7392,000,-0.0
7393,000,-0.0
7394,000,-0.0
7395,010,0.1
7396,011,-0.7999999999999999
7397,001,-0.3
7398,101,-0.09999999999999998
7399,001,-0.3
7400,001,-0.3
7401,001,-0.3
7402,001,-0.3
7403,001,-0.3
7404,001,-0.3
7405,001,-0.3
7406,011,-0.7999999999999999
7407,010,0.1
7408,000,-0.0
7409,000,-0.0
7410,000,-0.0
7411,100,-0.2
7412,000,-0.0
7413,010,0.1
7414,110,-0.9
7415,110,-0.9
7416,110,-0.9
7417,111,-1.4
7418,111,-1.4
7419,111,-1.4
7420,011,-0.7999999999999999
7421,001,-0.3
7422,000,-0.0
7423,100,-0.2
7424,110,-0.9
7425,110,-0.9
7426,110,-0.9
7427,111,-1.4
7428,101,-0.09999999999999998
7429,111,-1.4
7430,111,-1.4
7431,111,-1.4
7432,111,-1.4
7433,111,-1.4
7434,111,-1.4
7435,011,-0.7999999999999999
7436,011,-0.7999999999999999
7437,011,-0.7999999999999999
7438,111,-1.4
7439,011,-0.7999999999999999
7440,001,-0.3
7441,011,-0.7999999999999999
7442,011,-0.7999999999999999
7443,011,-0.7999999999999999
7444,011,-0.7999999999999999
7445,111,-1.4
7446,111,-1.4
7447,011,-0.7999999999999999
7448,011,-0.7999999999999999
7449,001,-0.3
7450,001,-0.3
7451,000,-0.0
7452,100,-0.2
7453,110,-0.9
7454,110,-0.9
7455,110,-0.9
7456,100,-0.2
7457,101,-0.09999999999999998
7458,001,-0.3
7459,000,-0.0
7460,000,-0.0
7461,000,-0.0
7462,010,0.1
7463,010,0.1
7464,010,0.1
7465,110,-0.9
7466,110,-0.9
7467,110,-0.9
7468,111,-1.4
7469,111,-1.4
7470,111,-1.4
7471,111,-1.4
7472,111,-1.4
7473,111,-1.4
7474,111,-1.4
7475,111,-1.4
7476,111,-1.4
7477,011,-0.7999999999999999
7478,011,-0.7999999999999999
7479,111,-1.4
7480,111,-1.4
7481,011,-0.7999999999999999
7482,011,-0.7999999999999999
7483,011,-0.7999999999999999
7484,011,-0.7999999999999999
7485,011,-0.7999999999999999
7486,011,-0.7999999999999999
7487,011,-0.7999999999999999
7488,011,-0.7999999999999999
7489,010,0.1
7490,010,0.1
7491,010,0.1
7492,010,0.1
7493,010,0.1
7494,011,-0.7999999999999999
7495,011,-0.7999999999999999
7496,011,-0.7999999999999999
7497,011,-0.7999999999999999
7498,011,-0.7999999999999999
7499,111,-1.4
7500,111,-1.4
7501,110,-0.9
7502,110,-0.9
7503,110,-0.9
7504,111,-1.4
7505,111,-1.4
7506,111,-1.4
7507,111,-1.4
7508,111,-1.4
7509,111,-1.4
7510,111,-1.4
7511,111,-1.4
7512,110,-0.9
7513,111,-1.4
7514,011,-0.7999999999999999
7515,001,-0.3
7516,001,-0.3
7517,101,-0.09999999999999998
7518,101,-0.09999999999999998
7519,100,-0.2
7520,100,-0.2
7521,100,-0.2
7522,100,-0.2
7523,100,-0.2
7524,100,-0.2
7525,110,-0.9
7526,110,-0.9
7527,110,-0.9
7528,110,-0.9
7529,110,-0.9
7530,110,-0.9
7531,111,-1.4
7532,011,-0.7999999999999999
7533,011,-0.7999999999999999
7534,011,-0.7999999999999999
7535,111,-1.4
7536,110,-0.9
7537,110,-0.9
7538,110,-0.9
7539,110,-0.9
7540,010,0.1
7541,110,-0.9
7542,110,-0.9
7543,110,-0.9
7544,110,-0.9
7545,111,-1.4
7546,111,-1.4
7547,011,-0.7999999999999999
7548,011,-0.7999999999999999
7549,011,-0.7999999999999999
7550,011,-0.7999999999999999
7551,010,0.1
7552,000,-0.0
7553,010,0.1
7554,110,-0.9
7555,110,-0.9
7556,110,-0.9
7557,111,-1.4
7558,111,-1.4
7559,111,-1.4
7560,111,-1.4
7561,110,-0.9
7562,110,-0.9
7563,110,-0.9
7564,110,-0.9
7565,110,-0.9
7566,111,-1.4
7567,110,-0.9
7568,110,-0.9
7569,110,-0.9
7570,110,-0.9
7571,110,-0.9
7572,110,-0.9
7573,110,-0.9
7574,111,-1.4
7575,111,-1.4
7576,111,-1.4
7577,011,-0.7999999999999999
7578,001,-0.3
7579,001,-0.3
7580,011,-0.7999999999999999
7581,011,-0.7999999999999999
7582,011,-0.7999999999999999
7583,001,-0.3
7584,101,-0.09999999999999998
7585,001,-0.3
7586,001,-0.3
7587,001,-0.3
7588,011,-0.7999999999999999
7589,001,-0.3
7590,101,-0.09999999999999998
7591,100,-0.2
7592,100,-0.2
7593,100,-0.2
7594,110,-0.9
7595,010,0.1
7596,010,0.1
7597,110,-0.9
7598,110,-0.9
7599,110,-0.9
7600,110,-0.9
7601,110,-0.9
7602,110,-0.9
7603,110,-0.9
7604,110,-0.9
7605,110,-0.9
7606,110,-0.9
7607,111,-1.4
7608,111,-1.4
7609,101,-0.09999999999999998
7610,001,-0.3
7611,001,-0.3
7612,001,-0.3
7613,101,-0.09999999999999998
7614,101,-0.09999999999999998
7615,111,-1.4
7616,111,-1.4
7617,111,-1.4
7618,111,-1.4
7619,101,-0.09999999999999998
7620,101,-0.09999999999999998
7621,101,-0.09999999999999998
7622,101,-0.09999999999999998
7623,101,-0.09999999999999998
7624,001,-0.3
7625,001,-0.3
7626,011,-0.7999999999999999
7627,011,-0.7999999999999999
7628,011,-0.7999999999999999
7629,011,-0.7999999999999999
7630,111,-1.4
7631,011,-0.7999999999999999
7632,011,-0.7999999999999999
7633,011,-0.7999999999999999
7634,010,0.1
7635,110,-0.9
7636,100,-0.2
7637,101,-0.09999999999999998
7638,101,-0.09999999999999998
7639,111,-1.4
7640,111,-1.4
7641,111,-1.4
7642,111,-1.4
7643,011,-0.7999999999999999
7644,011,-0.7999999999999999
7645,011,-0.7999999999999999
7646,111,-1.4
7647,011,-0.7999999999999999
7648,011,-0.7999999999999999
7649,010,0.1
7650,000,-0.0
7651,010,0.1
7652,011,-0.7999999999999999
7653,011,-0.7999999999999999
7654,001,-0.3
7655,011,-0.7999999999999999
7656,001,-0.3
7657,001,-0.3
7658,001,-0.3
7659,000,-0.0
7660,000,-0.0
7661,000,-0.0
7662,000,-0.0
7663,010,0.1
7664,110,-0.9
7665,110,-0.9
7666,111,-1.4
7667,011,-0.7999999999999999
7668,111,-1.4
7669,111,-1.4
7670,111,-1.4
7671,011,-0.7999999999999999
7672,111,-1.4
7673,111,-1.4
7674,110,-0.9
7675,110,-0.9
7676,111,-1.4
7677,111,-1.4
7678,111,-1.4
7679,111,-1.4
7680,111,-1.4
7681,111,-1.4
7682,111,-1.4
7683,111,-1.4
7684,101,-0.09999999999999998
7685,101,-0.09999999999999998
7686,101,-0.09999999999999998
7687,101,-0.09999999999999998
7688,111,-1.4
7689,111,-1.4
7690,101,-0.09999999999999998
7691,101,-0.09999999999999998
7692,001,-0.3
7693,001,-0.3
7694,101,-0.09999999999999998
7695,100,-0.2
7696,101,-0.09999999999999998
7697,101,-0.09999999999999998
7698,001,-0.3
7699,001,-0.3
7700,000,-0.0
7701,100,-0.2
7702,110,-0.9
7703,110,-0.9
7704,110,-0.9
7705,110,-0.9
7706,111,-1.4
7707,011,-0.7999999999999999
7708,111,-1.4
7709,111,-1.4
7710,111,-1.4
7711,111,-1.4
7712,011,-0.7999999999999999
7713,001,-0.3
7714,001,-0.3
7715,001,-0.3
7716,101,-0.09999999999999998
7717,101,-0.09999999999999998
7718,101,-0.09999999999999998
7719,111,-1.4
7720,111,-1.4
7721,101,-0.09999999999999998
7722,100,-0.2
7723,100,-0.2
7724,000,-0.0
7725,000,-0.0
7726,000,-0.0
7727,010,0.1
7728,011,-0.7999999999999999
7729,111,-1.4
7730,111,-1.4
7731,101,-0.09999999999999998
7732,101,-0.09999999999999998
7733,101,-0.09999999999999998
7734,101,-0.09999999999999998
7735,001,-0.3
7736,001,-0.3
7737,001,-0.3
7738,001,-0.3
7739,001,-0.3
7740,000,-0.0
7741,100,-0.2
7742,101,-0.09999999999999998
7743,001,-0.3
7744,001,-0.3
7745,011,-0.7999999999999999
7746,001,-0.3
7747,001,-0.3
7748,011,-0.7999999999999999
7749,011,-0.7999999999999999
7750,010,0.1
7751,000,-0.0
7752,001,-0.3
7753,011,-0.7999999999999999
7754,011,-0.7999999999999999
7755,011,-0.7999999999999999
7756,001,-0.3
7757,000,-0.0
7758,010,0.1
7759,011,-0.7999999999999999
7760,011,-0.7999999999999999
7761,011,-0.7999999999999999
7762,011,-0.7999999999999999
7763,001,-0.3
7764,011,-0.7999999999999999
7765,011,-0.7999999999999999
7766,001,-0.3
7767,011,-0.7999999999999999
7768,011,-0.7999999999999999
7769,001,-0.3
7770,001,-0.3
7771,001,-0.3
7772,001,-0.3
7773,000,-0.0
7774,010,0.1
7775,011,-0.7999999999999999
7776,111,-1.4
7777,111,-1.4
7778,111,-1.4
7779,111,-1.4
7780,111,-1.4
7781,111,-1.4
7782,111,-1.4
7783,110,-0.9
7784,010,0.1
7785,011,-0.7999999999999999
7786,011,-0.7999999999999999
7787,011,-0.7999999999999999
7788,011,-0.7999999999999999
7789,001,-0.3
7790,101,-0.09999999999999998
7791,101,-0.09999999999999998
7792,111,-1.4
7793,011,-0.7999999999999999
7794,001,-0.3
7795,101,-0.09999999999999998
7796,101,-0.09999999999999998
7797,111,-1.4
7798,111,-1.4
7799,110,-0.9
7800,111,-1.4
7801,111,-1.4
7802,011,-0.7999999999999999
7803,011,-0.7999999999999999
7804,011,-0.7999999999999999
7805,111,-1.4
7806,111,-1.4
7807,111,-1.4
7808,111,-1.4
7809,111,-1.4
7810,111,-1.4
7811,111,-1.4
7812,111,-1.4
7813,110,-0.9
7814,110,-0.9
7815,110,-0.9
7816,010,0.1
7817,000,-0.0
7818,100,-0.2
7819,000,-0.0
7820,000,-0.0
7821,010,0.1
7822,000,-0.0
7823,000,-0.0
7824,000,-0.0
7825,000,-0.0
7826,000,-0.0
7827,010,0.1
7828,110,-0.9
7829,100,-0.2
7830,110,-0.9
7831,110,-0.9
7832,100,-0.2
7833,100,-0.2
7834,110,-0.9
7835,111,-1.4
7836,111,-1.4
7837,011,-0.7999999999999999
7838,111,-1.4
7839,111,-1.4
7840,111,-1.4
7841,011,-0.7999999999999999
7842,111,-1.4
7843,110,-0.9
7844,111,-1.4
7845,011,-0.7999999999999999
7846,011,-0.7999999999999999
7847,111,-1.4
7848,111,-1.4
7849,111,-1.4
7850,111,-1.4
7851,111,-1.4
7852,111,-1.4
7853,111,-1.4
7854,110,-0.9
7855,110,-0.9
7856,110,-0.9
7857,110,-0.9
7858,100,-0.2
7859,110,-0.9
7860,110,-0.9
7861,010,0.1
7862,000,-0.0
7863,000,-0.0
7864,010,0.1
7865,010,0.1
7866,011,-0.7999999999999999
7867,010,0.1
7868,000,-0.0
7869,100,-0.2
7870,101,-0.09999999999999998
7871,111,-1.4
7872,111,-1.4
7873,101,-0.09999999999999998
7874,101,-0.09999999999999998
7875,101,-0.09999999999999998
7876,111,-1.4
7877,111,-1.4
7878,111,-1.4
7879,111,-1.4
7880,011,-0.7999999999999999
7881,001,-0.3
7882,001,-0.3
7883,000,-0.0
7884,100,-0.2
7885,100,-0.2
7886,110,-0.9
7887,110,-0.9
7888,110,-0.9
7889,100,-0.2
7890,100,-0.2
7891,101,-0.09999999999999998
7892,101,-0.09999999999999998
7893,101,-0.09999999999999998
7894,101,-0.09999999999999998
7895,100,-0.2
7896,100,-0.2
7897,000,-0.0
7898,000,-0.0
7899,010,0.1
7900,011,-0.7999999999999999
7901,011,-0.7999999999999999
7902,010,0.1
7903,110,-0.9
7904,110,-0.9
7905,110,-0.9
7906,111,-1.4
7907,111,-1.4
7908,111,-1.4
7909,110,-0.9
7910,110,-0.9
7911,110,-0.9
7912,110,-0.9
7913,110,-0.9
7914,110,-0.9
7915,111,-1.4
7916,111,-1.4
7917,111,-1.4
7918,111,-1.4
7919,111,-1.4
7920,111,-1.4
7921,111,-1.4
7922,111,-1.4
7923,111,-1.4
7924,111,-1.4
7925,111,-1.4
7926,111,-1.4
7927,111,-1.4
7928,111,-1.4
7929,111,-1.4
7930,101,-0.09999999999999998
7931,001,-0.3
7932,011,-0.7999999999999999
7933,001,-0.3
7934,001,-0.3
7935,101,-0.09999999999999998
7936,100,-0.2
7937,110,-0.9
7938,111,-1.4
7939,110,-0.9
7940,110,-0.9
7941,110,-0.9
7942,110,-0.9
7943,110,-0.9
7944,110,-0.9
7945,110,-0.9
7946,100,-0.2
7947,110,-0.9
7948,110,-0.9
7949,110,-0.9
7950,110,-0.9
7951,110,-0.9
7952,100,-0.2
7953,000,-0.0
7954,000,-0.0
7955,100,-0.2
7956,101,-0.09999999999999998
7957,101,-0.09999999999999998
7958,111,-1.4
7959,111,-1.4
7960,101,-0.09999999999999998
7961,101,-0.09999999999999998
7962,101,-0.09999999999999998
7963,101,-0.09999999999999998
7964,111,-1.4
7965,111,-1.4
7966,111,-1.4
7967,111,-1.4
7968,011,-0.7999999999999999
7969,001,-0.3
7970,101,-0.09999999999999998
7971,100,-0.2
7972,101,-0.09999999999999998
7973,100,-0.2
7974,110,-0.9
7975,111,-1.4
7976,111,-1.4
7977,111,-1.4
7978,111,-1.4
7979,111,-1.4
7980,111,-1.4
7981,111,-1.4
7982,101,-0.09999999999999998
7983,111,-1.4
7984,111,-1.4
7985,110,-0.9
7986,110,-0.9
7987,100,-0.2
7988,000,-0.0
7989,000,-0.0
7990,100,-0.2
7991,000,-0.0
7992,000,-0.0
7993,100,-0.2
7994,100,-0.2
7995,110,-0.9
7996,111,-1.4
7997,111,-1.4
7998,111,-1.4
7999,111,-1.4
8000,111,-1.4
8001,011,-0.7999999999999999
8002,011,-0.7999999999999999
8003,111,-1.4
8004,111,-1.4
8005,101,-0.09999999999999998
8006,101,-0.09999999999999998
8007,101,-0.09999999999999998
8008,101,-0.09999999999999998
8009,001,-0.3
8010,001,-0.3
8011,001,-0.3
8012,011,-0.7999999999999999
8013,111,-1.4
8014,111,-1.4
8015,111,-1.4
8016,111,-1.4
8017,111,-1.4
8018,111,-1.4
8019,111,-1.4
8020,111,-1.4
8021,101,-0.09999999999999998
8022,001,-0.3
8023,001,-0.3
8024,001,-0.3
8025,011,-0.7999999999999999
8026,011,-0.7999999999999999
8027,011,-0.7999999999999999
8028,001,-0.3
8029,001,-0.3
8030,101,-0.09999999999999998
8031,111,-1.4
8032,111,-1.4
8033,110,-0.9
8034,110,-0.9
8035,110,-0.9
8036,010,0.1
8037,011,-0.7999999999999999
8038,011,-0.7999999999999999
8039,111,-1.4
8040,111,-1.4
8041,011,-0.7999999999999999
8042,011,-0.7999999999999999
8043,111,-1.4
8044,111,-1.4
8045,111,-1.4
8046,111,-1.4
8047,110,-0.9
8048,110,-0.9
8049,010,0.1
8050,110,-0.9
8051,110,-0.9
8052,110,-0.9
8053,110,-0.9
8054,110,-0.9
8055,010,0.1
8056,011,-0.7999999999999999
8057,011,-0.7999999999999999
8058,011,-0.7999999999999999
8059,111,-1.4
8060,111,-1.4
8061,111,-1.4
8062,111,-1.4
8063,111,-1.4
8064,011,-0.7999999999999999
8065,011,-0.7999999999999999
8066,010,0.1
8067,110,-0.9
8068,110,-0.9
8069,010,0.1
8070,000,-0.0
8071,000,-0.0
8072,000,-0.0
8073,000,-0.0
8074,000,-0.0
8075,000,-0.0
8076,000,-0.0
8077,010,0.1
8078,010,0.1
8079,010,0.1
8080,011,-0.7999999999999999
8081,111,-1.4
8082,101,-0.09999999999999998
8083,100,-0.2
8084,100,-0.2
8085,100,-0.2
8086,100,-0.2
8087,101,-0.09999999999999998
8088,111,-1.4
8089,111,-1.4
8090,111,-1.4
8091,111,-1.4
8092,111,-1.4
8093,111,-1.4
8094,111,-1.4
8095,110,-0.9
8096,111,-1.4
8097,111,-1.4
8098,111,-1.4
8099,111,-1.4
8100,111,-1.4
8101,111,-1.4
8102,111,-1.4
8103,111,-1.4
8104,111,-1.4
8105,111,-1.4
8106,111,-1.4
8107,011,-0.7999999999999999
8108,011,-0.7999999999999999
8109,010,0.1
8110,011,-0.7999999999999999
8111,001,-0.3
8112,000,-0.0
8113,000,-0.0
8114,010,0.1
8115,010,0.1
8116,010,0.1
8117,011,-0.7999999999999999
8118,010,0.1
8119,110,-0.9
8120,110,-0.9
8121,010,0.1
8122,011,-0.7999999999999999
8123,011,-0.7999999999999999
8124,011,-0.7999999999999999
8125,011,-0.7999999999999999
8126,011,-0.7999999999999999
8127,011,-0.7999999999999999
8128,011,-0.7999999999999999
8129,001,-0.3
8130,000,-0.0
8131,100,-0.2
8132,100,-0.2
8133,100,-0.2
8134,100,-0.2
8135,100,-0.2
8136,110,-0.9
8137,100,-0.2
8138,100,-0.2
8139,100,-0.2
8140,101,-0.09999999999999998
8141,101,-0.09999999999999998
8142,101,-0.09999999999999998
8143,101,-0.09999999999999998
8144,111,-1.4
8145,111,-1.4
8146,011,-0.7999999999999999
8147,011,-0.7999999999999999
8148,001,-0.3
8149,001,-0.3
8150,101,-0.09999999999999998
8151,100,-0.2
8152,100,-0.2
8153,110,-0.9
8154,110,-0.9
8155,100,-0.2
8156,100,-0.2
8157,101,-0.09999999999999998
8158,001,-0.3
8159,011,-0.7999999999999999
8160,011,-0.7999999999999999
8161,111,-1.4
8162,110,-0.9
8163,110,-0.9
8164,100,-0.2
8165,100,-0.2
8166,100,-0.2
8167,100,-0.2
8168,100,-0.2
8169,100,-0.2
8170,100,-0.2
8171,100,-0.2
8172,100,-0.2
8173,110,-0.9
8174,110,-0.9
8175,110,-0.9
8176,111,-1.4
8177,111,-1.4
8178,101,-0.09999999999999998
8179,100,-0.2
8180,100,-0.2
8181,110,-0.9
8182,110,-0.9
8183,110,-0.9
8184,110,-0.9
8185,010,0.1
8186,011,-0.7999999999999999
8187,010,0.1
8188,110,-0.9
8189,110,-0.9
8190,111,-1.4
8191,011,-0.7999999999999999
8192,011,-0.7999999999999999
8193,011,-0.7999999999999999
8194,111,-1.4
8195,111,-1.4
8196,111,-1.4
8197,101,-0.09999999999999998
8198,101,-0.09999999999999998
8199,111,-1.4
8200,111,-1.4
8201,111,-1.4
8202,011,-0.7999999999999999
8203,011,-0.7999999999999999
8204,011,-0.7999999999999999
8205,011,-0.7999999999999999
8206,011,-0.7999999999999999
8207,111,-1.4
8208,111,-1.4
8209,111,-1.4
8210,111,-1.4
8211,111,-1.4
8212,101,-0.09999999999999998
8213,101,-0.09999999999999998
8214,001,-0.3
8215,001,-0.3
8216,011,-0.7999999999999999
8217,010,0.1
8218,011,-0.7999999999999999
8219,111,-1.4
8220,111,-1.4
8221,111,-1.4
8222,111,-1.4
8223,011,-0.7999999999999999
8224,111,-1.4
8225,110,-0.9
8226,110,-0.9
8227,110,-0.9
8228,110,-0.9
8229,110,-0.9
8230,110,-0.9
8231,010,0.1
8232,011,-0.7999999999999999
8233,011,-0.7999999999999999
8234,011,-0.7999999999999999
8235,111,-1.4
8236,101,-0.09999999999999998
8237,101,-0.09999999999999998
8238,101,-0.09999999999999998
8239,111,-1.4
8240,111,-1.4
8241,111,-1.4
8242,111,-1.4
8243,110,-0.9
8244,010,0.1
8245,011,-0.7999999999999999
8246,010,0.1
8247,000,-0.0
8248,000,-0.0
8249,000,-0.0
8250,001,-0.3
8251,011,-0.7999999999999999
8252,111,-1.4
8253,110,-0.9
8254,100,-0.2
8255,110,-0.9
8256,110,-0.9
8257,110,-0.9
8258,010,0.1
8259,011,-0.7999999999999999
8260,011,-0.7999999999999999
8261,011,-0.7999999999999999
8262,111,-1.4
8263,111,-1.4
8264,011,-0.7999999999999999
8265,111,-1.4
8266,110,-0.9
8267,110,-0.9
8268,111,-1.4
8269,111,-1.4
8270,011,-0.7999999999999999
8271,011,-0.7999999999999999
8272,011,-0.7999999999999999
8273,011,-0.7999999999999999
8274,011,-0.7999999999999999
8275,111,-1.4
8276,111,-1.4
8277,111,-1.4
8278,111,-1.4
8279,110,-0.9
8280,110,-0.9
8281,110,-0.9
8282,010,0.1
8283,000,-0.0
8284,000,-0.0
8285,001,-0.3
8286,001,-0.3
8287,011,-0.7999999999999999
8288,011,-0.7999999999999999
8289,011,-0.7999999999999999
8290,011,-0.7999999999999999
8291,010,0.1
8292,010,0.1
8293,010,0.1
8294,011,-0.7999999999999999
8295,010,0.1
8296,010,0.1
8297,011,-0.7999999999999999
8298,011,-0.7999999999999999
8299,011,-0.7999999999999999
8300,010,0.1
8301,010,0.1
8302,000,-0.0
8303,000,-0.0
8304,100,-0.2
8305,110,-0.9
8306,110,-0.9
8307,111,-1.4
8308,111,-1.4
8309,111,-1.4
8310,111,-1.4
8311,111,-1.4
8312,111,-1.4
8313,111,-1.4
8314,111,-1.4
8315,111,-1.4
8316,011,-0.7999999999999999
8317,111,-1.4
8318,111,-1.4
8319,111,-1.4
8320,111,-1.4
8321,111,-1.4
8322,011,-0.7999999999999999
8323,111,-1.4
8324,110,-0.9
8325,010,0.1
8326,110,-0.9
8327,110,-0.9
8328,110,-0.9
8329,110,-0.9
8330,110,-0.9
8331,110,-0.9
8332,111,-1.4
8333,110,-0.9
8334,110,-0.9
8335,110,-0.9
8336,010,0.1
8337,110,-0.9
8338,110,-0.9
8339,110,-0.9
8340,110,-0.9
8341,100,-0.2
8342,101,-0.09999999999999998
8343,001,-0.3
8344,001,-0.3
8345,001,-0.3
8346,001,-0.3
8347,001,-0.3
8348,001,-0.3
8349,001,-0.3
8350,000,-0.0
8351,010,0.1
8352,011,-0.7999999999999999
8353,011,-0.7999999999999999
8354,011,-0.7999999999999999
8355,111,-1.4
8356,111,-1.4
8357,111,-1.4
8358,011,-0.7999999999999999
8359,011,-0.7999999999999999
8360,001,-0.3
8361,000,-0.0
8362,000,-0.0
8363,001,-0.3
8364,001,-0.3
8365,001,-0.3
8366,001,-0.3
8367,000,-0.0
8368,000,-0.0
8369,000,-0.0
8370,001,-0.3
8371,001,-0.3
8372,001,-0.3
8373,001,-0.3
8374,001,-0.3
8375,001,-0.3
8376,001,-0.3
8377,001,-0.3
8378,001,-0.3
8379,011,-0.7999999999999999
8380,111,-1.4
8381,111,-1.4
8382,111,-1.4
8383,111,-1.4
8384,111,-1.4
8385,111,-1.4
8386,111,-1.4
8387,111,-1.4
8388,011,-0.7999999999999999
8389,011,-0.7999999999999999
8390,011,-0.7999999999999999
8391,011,-0.7999999999999999
8392,001,-0.3
8393,001,-0.3
8394,001,-0.3
8395,000,-0.0
8396,000,-0.0
8397,000,-0.0
8398,000,-0.0
8399,001,-0.3
8400,101,-0.09999999999999998
8401,101,-0.09999999999999998
8402,001,-0.3
8403,101,-0.09999999999999998
8404,100,-0.2
8405,100,-0.2
8406,110,-0.9
8407,111,-1.4
8408,110,-0.9
8409,110,-0.9
8410,110,-0.9
8411,110,-0.9
8412,110,-0.9
8413,110,-0.9
8414,110,-0.9
8415,110,-0.9
8416,110,-0.9
8417,111,-1.4
8418,111,-1.4
8419,111,-1.4
8420,111,-1.4
8421,011,-0.7999999999999999
8422,111,-1.4
8423,111,-1.4
8424,111,-1.4
8425,110,-0.9
8426,111,-1.4
8427,011,-0.7999999999999999
8428,001,-0.3
8429,001,-0.3
8430,000,-0.0
8431,000,-0.0
8432,000,-0.0
8433,100,-0.2
8434,000,-0.0
8435,001,-0.3
8436,011,-0.7999999999999999
8437,011,-0.7999999999999999
8438,111,-1.4
8439,111,-1.4
8440,111,-1.4
8441,111,-1.4
8442,111,-1.4
8443,111,-1.4
8444,011,-0.7999999999999999
8445,011,-0.7999999999999999
8446,111,-1.4
8447,111,-1.4
8448,111,-1.4
8449,111,-1.4
8450,111,-1.4
8451,111,-1.4
8452,111,-1.4
8453,111,-1.4
8454,111,-1.4
8455,011,-0.7999999999999999
8456,001,-0.3
8457,101,-0.09999999999999998
8458,001,-0.3
8459,001,-0.3
8460,001,-0.3
8461,001,-0.3
8462,101,-0.09999999999999998
8463,100,-0.2
8464,100,-0.2
8465,101,-0.09999999999999998
8466,001,-0.3
8467,001,-0.3
8468,101,-0.09999999999999998
8469,101,-0.09999999999999998
8470,111,-1.4
8471,101,-0.09999999999999998
8472,101,-0.09999999999999998
8473,100,-0.2
8474,110,-0.9
8475,110,-0.9
8476,110,-0.9
8477,100,-0.2
8478,100,-0.2
8479,100,-0.2
8480,100,-0.2
8481,100,-0.2
8482,000,-0.0
8483,100,-0.2
8484,100,-0.2
8485,110,-0.9
8486,100,-0.2
8487,110,-0.9
8488,110,-0.9
8489,111,-1.4
8490,011,-0.7999999999999999
8491,111,-1.4
8492,101,-0.09999999999999998
8493,111,-1.4
8494,111,-1.4
8495,110,-0.9
8496,110,-0.9
8497,111,-1.4
8498,111,-1.4
8499,110,-0.9
8500,110,-0.9
8501,110,-0.9
8502,110,-0.9
8503,110,-0.9
8504,110,-0.9
8505,100,-0.2
8506,110,-0.9
8507,110,-0.9
8508,110,-0.9
8509,111,-1.4
8510,111,-1.4
8511,111,-1.4
8512,111,-1.4
8513,111,-1.4
8514,111,-1.4
8515,011,-0.7999999999999999
8516,010,0.1
8517,010,0.1
8518,000,-0.0
8519,000,-0.0
8520,000,-0.0
8521,000,-0.0
8522,000,-0.0
8523,000,-0.0
8524,010,0.1
8525,011,-0.7999999999999999
8526,111,-1.4
8527,111,-1.4
8528,110,-0.9
8529,110,-0.9
8530,100,-0.2
8531,100,-0.2
8532,100,-0.2
8533,000,-0.0
8534,000,-0.0
8535,100,-0.2
8536,100,-0.2
8537,101,-0.09999999999999998
8538,001,-0.3
8539,001,-0.3
8540,011,-0.7999999999999999
8541,011,-0.7999999999999999
8542,011,-0.7999999999999999
8543,111,-1.4
8544,011,-0.7999999999999999
8545,111,-1.4
8546,110,-0.9
8547,100,-0.2
8548,100,-0.2
8549,110,-0.9
8550,110,-0.9
8551,110,-0.9
8552,110,-0.9
8553,100,-0.2
8554,101,-0.09999999999999998
8555,101,-0.09999999999999998
8556,101,-0.09999999999999998
8557,001,-0.3
8558,101,-0.09999999999999998
8559,101,-0.09999999999999998
8560,100,-0.2
8561,100,-0.2
8562,100,-0.2
8563,100,-0.2
8564,110,-0.9
8565,110,-0.9
8566,111,-1.4
8567,101,-0.09999999999999998
8568,100,-0.2
8569,100,-0.2
8570,110,-0.9
8571,111,-1.4
8572,111,-1.4
8573,111,-1.4
8574,111,-1.4
8575,111,-1.4
8576,111,-1.4
8577,110,-0.9
8578,110,-0.9
8579,111,-1.4
8580,101,-0.09999999999999998
8581,101,-0.09999999999999998
8582,101,-0.09999999999999998
8583,100,-0.2
8584,100,-0.2
8585,101,-0.09999999999999998
8586,100,-0.2
8587,000,-0.0
8588,000,-0.0
8589,000,-0.0
8590,000,-0.0
8591,001,-0.3
8592,001,-0.3
8593,011,-0.7999999999999999
8594,011,-0.7999999999999999
8595,011,-0.7999999999999999
8596,001,-0.3
8597,001,-0.3
8598,001,-0.3
8599,101,-0.09999999999999998
8600,101,-0.09999999999999998
8601,101,-0.09999999999999998
8602,111,-1.4
8603,111,-1.4
8604,111,-1.4
8605,011,-0.7999999999999999
8606,111,-1.4
8607,111,-1.4
8608,111,-1.4
8609,111,-1.4
8610,111,-1.4
8611,101,-0.09999999999999998
8612,101,-0.09999999999999998
8613,001,-0.3
8614,011,-0.7999999999999999
8615,010,0.1
8616,011,-0.7999999999999999
8617,011,-0.7999999999999999
8618,111,-1.4
8619,101,-0.09999999999999998
8620,001,-0.3
8621,000,-0.0
8622,100,-0.2
8623,110,-0.9
8624,110,-0.9
8625,010,0.1
8626,011,-0.7999999999999999
8627,010,0.1
8628,000,-0.0
8629,100,-0.2
8630,100,-0.2
8631,101,-0.09999999999999998
8632,100,-0.2
8633,110,-0.9
8634,110,-0.9
8635,110,-0.9
8636,110,-0.9
8637,111,-1.4
8638,111,-1.4
8639,111,-1.4
8640,111,-1.4
8641,111,-1.4
8642,110,-0.9
8643,111,-1.4
8644,111,-1.4
8645,111,-1.4
8646,110,-0.9
8647,010,0.1
8648,000,-0.0
8649,000,-0.0
8650,000,-0.0
8651,000,-0.0
8652,000,-0.0
8653,001,-0.3
8654,101,-0.09999999999999998
8655,100,-0.2
8656,101,-0.09999999999999998
8657,101,-0.09999999999999998
8658,001,-0.3
8659,001,-0.3
8660,001,-0.3
8661,000,-0.0
8662,001,-0.3
8663,101,-0.09999999999999998
8664,001,-0.3
8665,001,-0.3
8666,101,-0.09999999999999998
8667,001,-0.3
8668,011,-0.7999999999999999
8669,011,-0.7999999999999999
8670,111,-1.4
8671,111,-1.4
8672,110,-0.9
8673,110,-0.9
8674,110,-0.9
8675,110,-0.9
8676,010,0.1
8677,000,-0.0
8678,100,-0.2
8679,100,-0.2
8680,110,-0.9
8681,110,-0.9
8682,110,-0.9
8683,110,-0.9
8684,100,-0.2
8685,100,-0.2
8686,110,-0.9
8687,110,-0.9
8688,111,-1.4
8689,111,-1.4
8690,101,-0.09999999999999998
8691,100,-0.2
8692,110,-0.9
8693,010,0.1
8694,000,-0.0
8695,001,-0.3
8696,000,-0.0
8697,000,-0.0
8698,000,-0.0
8699,001,-0.3
8700,011,-0.7999999999999999
8701,011,-0.7999999999999999
8702,010,0.1
8703,010,0.1
8704,010,0.1
8705,010,0.1
8706,110,-0.9
8707,110,-0.9
8708,110,-0.9
8709,110,-0.9
8710,110,-0.9
8711,100,-0.2
8712,000,-0.0
8713,001,-0.3
8714,101,-0.09999999999999998
8715,111,-1.4
8716,111,-1.4
8717,110,-0.9
8718,110,-0.9
8719,110,-0.9
8720,110,-0.9
8721,110,-0.9
8722,110,-0.9
8723,111,-1.4
8724,111,-1.4
8725,101,-0.09999999999999998
8726,101,-0.09999999999999998
8727,101,-0.09999999999999998
8728,101,-0.09999999999999998
8729,001,-0.3
8730,001,-0.3
8731,000,-0.0
8732,000,-0.0
8733,001,-0.3
8734,011,-0.7999999999999999
8735,001,-0.3
8736,101,-0.09999999999999998
8737,001,-0.3
8738,001,-0.3
8739,101,-0.09999999999999998
8740,111,-1.4
8741,111,-1.4
8742,111,-1.4
8743,111,-1.4
8744,111,-1.4
8745,111,-1.4
8746,111,-1.4
8747,111,-1.4
8748,111,-1.4
8749,111,-1.4
8750,111,-1.4
8751,011,-0.7999999999999999
8752,011,-0.7999999999999999
8753,011,-0.7999999999999999
8754,011,-0.7999999999999999
8755,001,-0.3
8756,001,-0.3
8757,001,-0.3
8758,001,-0.3
8759,011,-0.7999999999999999
8760,011,-0.7999999999999999
8761,011,-0.7999999999999999
8762,111,-1.4
8763,111,-1.4
8764,101,-0.09999999999999998
8765,111,-1.4
8766,101,-0.09999999999999998
8767,101,-0.09999999999999998
8768,101,-0.09999999999999998
8769,111,-1.4
8770,011,-0.7999999999999999
8771,011,-0.7999999999999999
8772,011,-0.7999999999999999
8773,111,-1.4
8774,111,-1.4
8775,111,-1.4
8776,111,-1.4
8777,101,-0.09999999999999998
8778,100,-0.2
8779,100,-0.2
8780,110,-0.9
8781,110,-0.9
8782,100,-0.2
8783,100,-0.2
8784,110,-0.9
8785,110,-0.9
8786,110,-0.9
8787,110,-0.9
8788,110,-0.9
8789,111,-1.4
8790,110,-0.9
8791,111,-1.4
8792,101,-0.09999999999999998
8793,101,-0.09999999999999998
8794,101,-0.09999999999999998
8795,111,-1.4
8796,111,-1.4
8797,111,-1.4
8798,111,-1.4
8799,111,-1.4
8800,111,-1.4
8801,111,-1.4
8802,111,-1.4
8803,111,-1.4
8804,111,-1.4
8805,111,-1.4
8806,111,-1.4
8807,111,-1.4
8808,111,-1.4
8809,011,-0.7999999999999999
8810,011,-0.7999999999999999
8811,001,-0.3
8812,001,-0.3
8813,001,-0.3
8814,011,-0.7999999999999999
8815,011,-0.7999999999999999
8816,010,0.1
8817,010,0.1
8818,011,-0.7999999999999999
8819,010,0.1
8820,010,0.1
8821,011,-0.7999999999999999
8822,111,-1.4
8823,111,-1.4
8824,111,-1.4
8825,101,-0.09999999999999998
8826,111,-1.4
8827,011,-0.7999999999999999
8828,001,-0.3
8829,101,-0.09999999999999998
8830,111,-1.4
8831,011,-0.7999999999999999
8832,011,-0.7999999999999999
8833,001,-0.3
8834,001,-0.3
8835,001,-0.3
8836,001,-0.3
8837,000,-0.0
8838,000,-0.0
8839,001,-0.3
8840,000,-0.0
8841,100,-0.2
8842,100,-0.2
8843,101,-0.09999999999999998
8844,111,-1.4
8845,111,-1.4
8846,111,-1.4
8847,111,-1.4
8848,111,-1.4
8849,111,-1.4
8850,110,-0.9
8851,111,-1.4
8852,111,-1.4
8853,111,-1.4
8854,111,-1.4
8855,011,-0.7999999999999999
8856,001,-0.3
8857,001,-0.3
8858,011,-0.7999999999999999
8859,011,-0.7999999999999999
8860,011,-0.7999999999999999
8861,111,-1.4
8862,111,-1.4
8863,101,-0.09999999999999998
8864,101,-0.09999999999999998
8865,111,-1.4
8866,111,-1.4
8867,111,-1.4
8868,111,-1.4
8869,111,-1.4
8870,011,-0.7999999999999999
8871,011,-0.7999999999999999
8872,011,-0.7999999999999999
8873,011,-0.7999999999999999
8874,011,-0.7999999999999999
8875,011,-0.7999999999999999
8876,011,-0.7999999999999999
8877,011,-0.7999999999999999
8878,111,-1.4
8879,111,-1.4
8880,111,-1.4
8881,111,-1.4
8882,111,-1.4
8883,011,-0.7999999999999999
8884,011,-0.7999999999999999
8885,011,-0.7999999999999999
8886,011,-0.7999999999999999
8887,011,-0.7999999999999999
8888,011,-0.7999999999999999
8889,001,-0.3
8890,101,-0.09999999999999998
8891,100,-0.2
8892,000,-0.0
8893,000,-0.0
8894,000,-0.0
8895,001,-0.3
8896,001,-0.3
8897,101,-0.09999999999999998
8898,101,-0.09999999999999998
8899,101,-0.09999999999999998
8900,101,-0.09999999999999998
8901,111,-1.4
8902,111,-1.4
8903,111,-1.4
8904,111,-1.4
8905,111,-1.4
8906,110,-0.9
8907,110,-0.9
8908,110,-0.9
8909,110,-0.9
8910,100,-0.2
8911,110,-0.9
8912,111,-1.4
8913,111,-1.4
8914,111,-1.4
8915,111,-1.4
8916,111,-1.4
8917,111,-1.4
8918,101,-0.09999999999999998
8919,001,-0.3
8920,001,-0.3
8921,001,-0.3
8922,001,-0.3
8923,011,-0.7999999999999999
8924,010,0.1
8925,011,-0.7999999999999999
8926,011,-0.7999999999999999
8927,011,-0.7999999999999999
8928,011,-0.7999999999999999
8929,001,-0.3
8930,101,-0.09999999999999998
8931,101,-0.09999999999999998
8932,101,-0.09999999999999998
8933,100,-0.2
8934,110,-0.9
8935,110,-0.9
8936,110,-0.9
8937,110,-0.9
8938,111,-1.4
8939,111,-1.4
8940,011,-0.7999999999999999
8941,011,-0.7999999999999999
8942,001,-0.3
8943,011,-0.7999999999999999
8944,011,-0.7999999999999999
8945,111,-1.4
8946,110,-0.9
8947,110,-0.9
8948,111,-1.4
8949,011,-0.7999999999999999
8950,111,-1.4
8951,011,-0.7999999999999999
8952,001,-0.3
8953,001,-0.3
8954,001,-0.3
8955,001,-0.3
8956,001,-0.3
8957,011,-0.7999999999999999
8958,011,-0.7999999999999999
8959,111,-1.4
8960,111,-1.4
8961,111,-1.4
8962,111,-1.4
8963,111,-1.4
8964,111,-1.4
8965,111,-1.4
8966,111,-1.4
8967,111,-1.4
8968,111,-1.4
8969,111,-1.4
8970,011,-0.7999999999999999
8971,111,-1.4
8972,101,-0.09999999999999998
8973,101,-0.09999999999999998
8974,100,-0.2
8975,100,-0.2
8976,110,-0.9
8977,110,-0.9
8978,111,-1.4
8979,011,-0.7999999999999999
8980,011,-0.7999999999999999
8981,011,-0.7999999999999999
8982,001,-0.3
8983,001,-0.3
8984,001,-0.3
8985,001,-0.3
8986,001,-0.3
8987,101,-0.09999999999999998
8988,111,-1.4
8989,111,-1.4
8990,111,-1.4
8991,110,-0.9
8992,010,0.1
8993,010,0.1
8994,010,0.1
8995,010,0.1
8996,010,0.1
8997,110,-0.9
8998,110,-0.9
8999,110,-0.9
9000,110,-0.9
9001,010,0.1
9002,110,-0.9
9003,110,-0.9
9004,110,-0.9
9005,110,-0.9
9006,010,0.1
9007,011,-0.7999999999999999
9008,001,-0.3
9009,001,-0.3
9010,001,-0.3
9011,000,-0.0
9012,001,-0.3
9013,001,-0.3
9014,001,-0.3
9015,001,-0.3
9016,001,-0.3
9017,011,-0.7999999999999999
9018,011,-0.7999999999999999
9019,011,-0.7999999999999999
9020,111,-1.4
9021,111,-1.4
9022,111,-1.4
9023,111,-1.4
9024,011,-0.7999999999999999
9025,111,-1.4
9026,110,-0.9
9027,110,-0.9
9028,110,-0.9
9029,110,-0.9
9030,110,-0.9
9031,110,-0.9
9032,110,-0.9
9033,100,-0.2
9034,110,-0.9
9035,110,-0.9
9036,110,-0.9
9037,110,-0.9
9038,110,-0.9
9039,111,-1.4
9040,111,-1.4
9041,111,-1.4
9042,111,-1.4
9043,011,-0.7999999999999999
9044,011,-0.7999999999999999
9045,011,-0.7999999999999999
9046,001,-0.3
9047,001,-0.3
9048,101,-0.09999999999999998
9049,001,-0.3
9050,001,-0.3
9051,000,-0.0
9052,100,-0.2
9053,101,-0.09999999999999998
9054,111,-1.4
9055,110,-0.9
9056,110,-0.9
9057,110,-0.9
9058,111,-1.4
9059,111,-1.4
9060,111,-1.4
9061,111,-1.4
9062,111,-1.4
9063,110,-0.9
9064,111,-1.4
9065,101,-0.09999999999999998
9066,111,-1.4
9067,111,-1.4
9068,111,-1.4
9069,111,-1.4
9070,111,-1.4
9071,111,-1.4
9072,111,-1.4
9073,111,-1.4
9074,110,-0.9
9075,110,-0.9
9076,110,-0.9
9077,110,-0.9
9078,110,-0.9
9079,110,-0.9
9080,111,-1.4
9081,111,-1.4
9082,111,-1.4
9083,111,-1.4
9084,111,-1.4
9085,111,-1.4
9086,111,-1.4
9087,111,-1.4
9088,111,-1.4
9089,111,-1.4
9090,111,-1.4
9091,111,-1.4
9092,111,-1.4
9093,111,-1.4
9094,111,-1.4
9095,111,-1.4
9096,101,-0.09999999999999998
9097,100,-0.2
9098,100,-0.2
9099,100,-0.2
9100,100,-0.2
9101,000,-0.0
9102,001,-0.3
9103,001,-0.3
9104,001,-0.3
9105,000,-0.0
9106,100,-0.2
9107,000,-0.0
9108,010,0.1
9109,010,0.1
9110,000,-0.0
9111,000,-0.0
9112,000,-0.0
9113,000,-0.0
9114,100,-0.2
9115,101,-0.09999999999999998
9116,111,-1.4
9117,111,-1.4
9118,111,-1.4
9119,111,-1.4
9120,011,-0.7999999999999999
9121,011,-0.7999999999999999
9122,011,-0.7999999999999999
9123,011,-0.7999999999999999
9124,011,-0.7999999999999999
9125,010,0.1
9126,010,0.1
9127,110,-0.9
9128,110,-0.9
9129,111,-1.4
9130,111,-1.4
9131,111,-1.4
9132,111,-1.4
9133,110,-0.9
9134,110,-0.9
9135,110,-0.9
9136,111,-1.4
9137,011,-0.7999999999999999
9138,010,0.1
9139,110,-0.9
9140,110,-0.9
9141,110,-0.9
9142,111,-1.4
9143,111,-1.4
9144,111,-1.4
9145,110,-0.9
9146,111,-1.4
9147,011,-0.7999999999999999
9148,010,0.1
9149,000,-0.0
9150,010,0.1
9151,010,0.1
9152,110,-0.9
9153,010,0.1
9154,011,-0.7999999999999999
9155,011,-0.7999999999999999
9156,111,-1.4
9157,111,-1.4
9158,110,-0.9
9159,110,-0.9
9160,100,-0.2
9161,000,-0.0
9162,000,-0.0
9163,000,-0.0
9164,000,-0.0
9165,000,-0.0
9166,010,0.1
9167,010,0.1
9168,000,-0.0
9169,001,-0.3
9170,001,-0.3
9171,001,-0.3
9172,001,-0.3
9173,001,-0.3
9174,001,-0.3
9175,001,-0.3
9176,001,-0.3
9177,001,-0.3
9178,001,-0.3
9179,101,-0.09999999999999998
9180,111,-1.4
9181,111,-1.4
9182,111,-1.4
9183,111,-1.4
9184,111,-1.4
9185,111,-1.4
9186,111,-1.4
9187,111,-1.4
9188,011,-0.7999999999999999
9189,011,-0.7999999999999999
9190,011,-0.7999999999999999
9191,011,-0.7999999999999999
9192,001,-0.3
9193,011,-0.7999999999999999
9194,011,-0.7999999999999999
9195,011,-0.7999999999999999
9196,001,-0.3
9197,000,-0.0
9198,000,-0.0
9199,100,-0.2
9200,000,-0.0
9201,000,-0.0
9202,000,-0.0
9203,000,-0.0
9204,100,-0.2
9205,110,-0.9
9206,110,-0.9
9207,110,-0.9
9208,111,-1.4
9209,111,-1.4
9210,011,-0.7999999999999999
9211,111,-1.4
9212,111,-1.4
9213,110,-0.9
9214,110,-0.9
9215,110,-0.9
9216,110,-0.9
9217,111,-1.4
9218,111,-1.4
9219,111,-1.4
9220,111,-1.4
9221,110,-0.9
9222,110,-0.9
9223,110,-0.9
9224,110,-0.9
9225,110,-0.9
9226,110,-0.9
9227,111,-1.4
9228,111,-1.4
9229,111,-1.4
9230,111,-1.4
9231,111,-1.4
9232,111,-1.4
9233,111,-1.4
9234,111,-1.4
9235,111,-1.4
9236,111,-1.4
9237,111,-1.4
9238,111,-1.4
9239,111,-1.4
9240,011,-0.7999999999999999
9241,011,-0.7999999999999999
9242,011,-0.7999999999999999
9243,001,-0.3
9244,001,-0.3
9245,011,-0.7999999999999999
9246,011,-0.7999999999999999
9247,011,-0.7999999999999999
9248,011,-0.7999999999999999
9249,010,0.1
9250,110,-0.9
9251,010,0.1
9252,010,0.1
9253,110,-0.9
9254,110,-0.9
9255,010,0.1
9256,110,-0.9
9257,100,-0.2
9258,100,-0.2
9259,100,-0.2
9260,100,-0.2
9261,100,-0.2
9262,100,-0.2
9263,110,-0.9
9264,111,-1.4
9265,111,-1.4
9266,111,-1.4
9267,111,-1.4
9268,111,-1.4
9269,101,-0.09999999999999998
9270,111,-1.4
9271,111,-1.4
9272,111,-1.4
9273,111,-1.4
9274,101,-0.09999999999999998
9275,101,-0.09999999999999998
9276,101,-0.09999999999999998
9277,111,-1.4
9278,111,-1.4
9279,111,-1.4
9280,111,-1.4
9281,011,-0.7999999999999999
9282,111,-1.4
9283,111,-1.4
9284,111,-1.4
9285,111,-1.4
9286,111,-1.4
9287,111,-1.4
9288,101,-0.09999999999999998
9289,101,-0.09999999999999998
9290,111,-1.4
9291,111,-1.4
9292,111,-1.4
9293,101,-0.09999999999999998
9294,101,-0.09999999999999998
9295,101,-0.09999999999999998
9296,001,-0.3
9297,101,-0.09999999999999998
9298,100,-0.2
9299,000,-0.0
9300,001,-0.3
9301,001,-0.3
9302,000,-0.0
9303,000,-0.0
9304,000,-0.0
9305,000,-0.0
9306,000,-0.0
9307,000,-0.0
9308,000,-0.0
9309,010,0.1
9310,000,-0.0
9311,100,-0.2
9312,110,-0.9
9313,110,-0.9
9314,111,-1.4
9315,111,-1.4
9316,011,-0.7999999999999999
9317,011,-0.7999999999999999
9318,011,-0.7999999999999999
9319,011,-0.7999999999999999
9320,011,-0.7999999999999999
9321,111,-1.4
9322,111,-1.4
9323,101,-0.09999999999999998
9324,001,-0.3
9325,011,-0.7999999999999999
9326,011,-0.7999999999999999
9327,011,-0.7999999999999999
9328,111,-1.4
9329,110,-0.9
9330,110,-0.9
9331,110,-0.9
9332,110,-0.9
9333,010,0.1
9334,011,-0.7999999999999999
9335,011,-0.7999999999999999
9336,011,-0.7999999999999999
9337,011,-0.7999999999999999
9338,001,-0.3
9339,000,-0.0
9340,100,-0.2
9341,101,-0.09999999999999998
9342,111,-1.4
9343,011,-0.7999999999999999
9344,001,-0.3
9345,011,-0.7999999999999999
9346,111,-1.4
9347,110,-0.9
9348,010,0.1
9349,010,0.1
9350,010,0.1
9351,000,-0.0
9352,000,-0.0
9353,001,-0.3
9354,001,-0.3
9355,000,-0.0
9356,000,-0.0
9357,100,-0.2
9358,110,-0.9
9359,111,-1.4
9360,111,-1.4
9361,111,-1.4
9362,011,-0.7999999999999999
9363,011,-0.7999999999999999
9364,011,-0.7999999999999999
9365,111,-1.4
9366,111,-1.4
9367,111,-1.4
9368,110,-0.9
9369,110,-0.9
9370,100,-0.2
9371,110,-0.9
9372,110,-0.9
9373,100,-0.2
9374,100,-0.2
9375,100,-0.2
9376,101,-0.09999999999999998
9377,111,-1.4
9378,111,-1.4
9379,111,-1.4
9380,011,-0.7999999999999999
9381,011,-0.7999999999999999
9382,001,-0.3
9383,000,-0.0
9384,100,-0.2
9385,110,-0.9
9386,100,-0.2
9387,100,-0.2
9388,000,-0.0
9389,100,-0.2
9390,000,-0.0
9391,010,0.1
9392,011,-0.7999999999999999
9393,010,0.1
9394,011,-0.7999999999999999
9395,001,-0.3
9396,001,-0.3
9397,001,-0.3
9398,001,-0.3
9399,011,-0.7999999999999999
9400,111,-1.4
9401,110,-0.9
9402,100,-0.2
9403,110,-0.9
9404,010,0.1
9405,110,-0.9
9406,111,-1.4
9407,111,-1.4
9408,011,-0.7999999999999999
9409,011,-0.7999999999999999
9410,111,-1.4
9411,011,-0.7999999999999999
9412,011,-0.7999999999999999
9413,011,-0.7999999999999999
9414,111,-1.4
9415,111,-1.4
9416,111,-1.4
9417,111,-1.4
9418,111,-1.4
9419,111,-1.4
9420,111,-1.4
9421,111,-1.4
9422,111,-1.4
9423,111,-1.4
9424,111,-1.4
9425,011,-0.7999999999999999
9426,011,-0.7999999999999999
9427,001,-0.3
9428,101,-0.09999999999999998
9429,100,-0.2
9430,100,-0.2
9431,100,-0.2
9432,101,-0.09999999999999998
9433,001,-0.3
9434,011,-0.7999999999999999
9435,011,-0.7999999999999999
9436,011,-0.7999999999999999
9437,011,-0.7999999999999999
9438,001,-0.3
9439,001,-0.3
9440,101,-0.09999999999999998
9441,111,-1.4
9442,111,-1.4
9443,101,-0.09999999999999998
9444,001,-0.3
9445,011,-0.7999999999999999
9446,010,0.1
9447,110,-0.9
9448,110,-0.9
9449,110,-0.9
9450,100,-0.2
9451,100,-0.2
9452,100,-0.2
9453,100,-0.2
9454,101,-0.09999999999999998
9455,100,-0.2
9456,101,-0.09999999999999998
9457,111,-1.4
9458,101,-0.09999999999999998
9459,101,-0.09999999999999998
9460,111,-1.4
9461,111,-1.4
9462,110,-0.9
9463,111,-1.4
9464,111,-1.4
9465,110,-0.9
9466,110,-0.9
9467,110,-0.9
9468,111,-1.4
9469,111,-1.4
9470,111,-1.4
9471,110,-0.9
9472,010,0.1
9473,110,-0.9
9474,111,-1.4
9475,111,-1.4
9476,101,-0.09999999999999998
9477,101,-0.09999999999999998
9478,101,-0.09999999999999998
9479,111,-1.4
9480,111,-1.4
9481,111,-1.4
9482,111,-1.4
9483,011,-0.7999999999999999
9484,011,-0.7999999999999999
9485,011,-0.7999999999999999
9486,011,-0.7999999999999999
9487,111,-1.4
9488,111,-1.4
9489,111,-1.4
9490,111,-1.4
9491,111,-1.4
9492,110,-0.9
9493,111,-1.4
9494,101,-0.09999999999999998
9495,101,-0.09999999999999998
9496,100,-0.2
9497,110,-0.9
9498,110,-0.9
9499,110,-0.9
9500,110,-0.9
9501,111,-1.4
9502,111,-1.4
9503,111,-1.4
9504,111,-1.4
9505,111,-1.4
9506,110,-0.9
9507,110,-0.9
9508,110,-0.9
9509,110,-0.9
9510,111,-1.4
9511,011,-0.7999999999999999
9512,001,-0.3
9513,001,-0.3
9514,000,-0.0
9515,100,-0.2
9516,100,-0.2
9517,110,-0.9
9518,110,-0.9
9519,010,0.1
9520,010,0.1
9521,110,-0.9
9522,110,-0.9
9523,100,-0.2
9524,100,-0.2
9525,100,-0.2
9526,101,-0.09999999999999998
9527,100,-0.2
9528,100,-0.2
9529,100,-0.2
9530,110,-0.9
9531,010,0.1
9532,010,0.1
9533,110,-0.9
9534,110,-0.9
9535,110,-0.9
9536,110,-0.9
9537,100,-0.2
9538,000,-0.0
9539,000,-0.0
9540,000,-0.0
9541,010,0.1
9542,011,-0.7999999999999999
9543,011,-0.7999999999999999
9544,011,-0.7999999999999999
9545,011,-0.7999999999999999
9546,011,-0.7999999999999999
9547,011,-0.7999999999999999
9548,111,-1.4
9549,011,-0.7999999999999999
9550,011,-0.7999999999999999
9551,011,-0.7999999999999999
9552,011,-0.7999999999999999
9553,111,-1.4
9554,111,-1.4
9555,111,-1.4
9556,111,-1.4
9557,111,-1.4
9558,111,-1.4
9559,111,-1.4
9560,111,-1.4
9561,111,-1.4
9562,111,-1.4
9563,111,-1.4
9564,111,-1.4
9565,111,-1.4
9566,111,-1.4
9567,011,-0.7999999999999999
9568,010,0.1
9569,110,-0.9
9570,111,-1.4
9571,111,-1.4
9572,111,-1.4
9573,101,-0.09999999999999998
9574,101,-0.09999999999999998
9575,111,-1.4
9576,011,-0.7999999999999999
9577,011,-0.7999999999999999
9578,010,0.1
9579,110,-0.9
9580,110,-0.9
9581,110,-0.9
9582,010,0.1
9583,110,-0.9
9584,110,-0.9
9585,111,-1.4
9586,111,-1.4
9587,111,-1.4
9588,111,-1.4
9589,111,-1.4
9590,011,-0.7999999999999999
9591,011,-0.7999999999999999
9592,111,-1.4
9593,011,-0.7999999999999999
9594,001,-0.3
9595,011,-0.7999999999999999
9596,111,-1.4
9597,111,-1.4
9598,111,-1.4
9599,111,-1.4
9600,111,-1.4
9601,111,-1.4
9602,111,-1.4
9603,101,-0.09999999999999998
9604,101,-0.09999999999999998
9605,101,-0.09999999999999998
9606,111,-1.4
9607,111,-1.4
9608,011,-0.7999999999999999
9609,111,-1.4
9610,111,-1.4
9611,111,-1.4
9612,101,-0.09999999999999998
9613,111,-1.4
9614,111,-1.4
9615,111,-1.4
9616,011,-0.7999999999999999
9617,001,-0.3
9618,011,-0.7999999999999999
9619,011,-0.7999999999999999
9620,011,-0.7999999999999999
9621,010,0.1
9622,011,-0.7999999999999999
9623,010,0.1
9624,010,0.1
9625,110,-0.9
9626,111,-1.4
9627,111,-1.4
9628,111,-1.4
9629,111,-1.4
9630,110,-0.9
9631,110,-0.9
9632,010,0.1
9633,110,-0.9
9634,010,0.1
9635,011,-0.7999999999999999
9636,011,-0.7999999999999999
9637,001,-0.3
9638,001,-0.3
9639,000,-0.0
9640,001,-0.3
9641,001,-0.3
9642,001,-0.3
9643,001,-0.3
9644,001,-0.3
9645,011,-0.7999999999999999
9646,011,-0.7999999999999999
9647,111,-1.4
9648,111,-1.4
9649,110,-0.9
9650,110,-0.9
9651,111,-1.4
9652,111,-1.4
9653,111,-1.4
9654,111,-1.4
9655,011,-0.7999999999999999
9656,111,-1.4
9657,011,-0.7999999999999999
9658,011,-0.7999999999999999
9659,111,-1.4
9660,101,-0.09999999999999998
9661,111,-1.4
9662,111,-1.4
9663,111,-1.4
9664,111,-1.4
9665,111,-1.4
9666,111,-1.4
9667,101,-0.09999999999999998
9668,101,-0.09999999999999998
9669,100,-0.2
9670,000,-0.0
9671,010,0.1
9672,010,0.1
9673,010,0.1
9674,010,0.1
9675,110,-0.9
9676,110,-0.9
9677,100,-0.2
9678,100,-0.2
9679,101,-0.09999999999999998
9680,100,-0.2
9681,100,-0.2
9682,110,-0.9
9683,110,-0.9
9684,111,-1.4
9685,111,-1.4
9686,011,-0.7999999999999999
9687,011,-0.7999999999999999
9688,011,-0.7999999999999999
9689,011,-0.7999999999999999
9690,011,-0.7999999999999999
9691,111,-1.4
9692,101,-0.09999999999999998
9693,101,-0.09999999999999998
9694,101,-0.09999999999999998
9695,001,-0.3
9696,001,-0.3
9697,001,-0.3
9698,101,-0.09999999999999998
9699,101,-0.09999999999999998
9700,100,-0.2
9701,101,-0.09999999999999998
9702,101,-0.09999999999999998
9703,111,-1.4
9704,111,-1.4
9705,111,-1.4
9706,111,-1.4
9707,111,-1.4
9708,011,-0.7999999999999999
9709,011,-0.7999999999999999
9710,001,-0.3
9711,001,-0.3
9712,000,-0.0
9713,100,-0.2
9714,110,-0.9
9715,100,-0.2
9716,101,-0.09999999999999998
9717,101,-0.09999999999999998
9718,101,-0.09999999999999998
9719,001,-0.3
9720,000,-0.0
9721,001,-0.3
9722,000,-0.0
9723,010,0.1
9724,010,0.1
9725,110,-0.9
9726,110,-0.9
9727,010,0.1
9728,000,-0.0
9729,010,0.1
9730,010,0.1
9731,010,0.1
9732,000,-0.0
9733,100,-0.2
9734,100,-0.2
9735,100,-0.2
9736,110,-0.9
9737,110,-0.9
9738,110,-0.9
9739,110,-0.9
9740,110,-0.9
9741,110,-0.9
9742,111,-1.4
9743,111,-1.4
9744,111,-1.4
9745,111,-1.4
9746,111,-1.4
9747,110,-0.9
9748,110,-0.9
9749,110,-0.9
9750,111,-1.4
9751,111,-1.4
9752,101,-0.09999999999999998
9753,100,-0.2
9754,110,-0.9
9755,110,-0.9
9756,110,-0.9
9757,110,-0.9
9758,111,-1.4
9759,110,-0.9
9760,100,-0.2
9761,100,-0.2
9762,110,-0.9
9763,110,-0.9
9764,100,-0.2
9765,100,-0.2
9766,101,-0.09999999999999998
9767,101,-0.09999999999999998
9768,111,-1.4
9769,110,-0.9
9770,110,-0.9
9771,110,-0.9
9772,110,-0.9
9773,110,-0.9
9774,110,-0.9
9775,110,-0.9
9776,110,-0.9
9777,111,-1.4
9778,110,-0.9
9779,111,-1.4
9780,111,-1.4
9781,110,-0.9
9782,110,-0.9
9783,110,-0.9
9784,110,-0.9
9785,010,0.1
9786,010,0.1
9787,010,0.1
9788,110,-0.9
9789,110,-0.9
9790,110,-0.9
9791,110,-0.9
9792,110,-0.9
9793,010,0.1
9794,000,-0.0
9795,001,-0.3
9796,011,-0.7999999999999999
9797,011,-0.7999999999999999
9798,011,-0.7999999999999999
9799,011,-0.7999999999999999
9800,011,-0.7999999999999999
9801,011,-0.7999999999999999
9802,011,-0.7999999999999999
9803,011,-0.7999999999999999
9804,111,-1.4
9805,111,-1.4
9806,111,-1.4
9807,011,-0.7999999999999999
9808,010,0.1
9809,010,0.1
9810,000,-0.0
9811,100,-0.2
9812,100,-0.2
9813,100,-0.2
9814,100,-0.2
9815,000,-0.0
9816,100,-0.2
9817,101,-0.09999999999999998
9818,111,-1.4
9819,111,-1.4
9820,110,-0.9
9821,010,0.1
9822,110,-0.9
9823,110,-0.9
9824,110,-0.9
9825,110,-0.9
9826,110,-0.9
9827,110,-0.9
9828,111,-1.4
9829,111,-1.4
9830,111,-1.4
9831,111,-1.4
9832,111,-1.4
9833,111,-1.4
9834,110,-0.9
9835,100,-0.2
9836,110,-0.9
9837,110,-0.9
9838,110,-0.9
9839,110,-0.9
9840,110,-0.9
9841,100,-0.2
9842,000,-0.0
9843,010,0.1
9844,011,-0.7999999999999999
9845,111,-1.4
9846,111,-1.4
9847,111,-1.4
9848,111,-1.4
9849,011,-0.7999999999999999
9850,111,-1.4
9851,111,-1.4
9852,111,-1.4
9853,111,-1.4
9854,111,-1.4
9855,110,-0.9
9856,110,-0.9
9857,110,-0.9
9858,110,-0.9
9859,110,-0.9
9860,110,-0.9
9861,100,-0.2
9862,100,-0.2
9863,100,-0.2
9864,110,-0.9
9865,110,-0.9
9866,111,-1.4
9867,111,-1.4
9868,011,-0.7999999999999999
9869,011,-0.7999999999999999
9870,011,-0.7999999999999999
9871,111,-1.4
9872,011,-0.7999999999999999
9873,011,-0.7999999999999999
9874,011,-0.7999999999999999
9875,011,-0.7999999999999999
9876,111,-1.4
9877,111,-1.4
9878,111,-1.4
9879,111,-1.4
9880,110,-0.9
9881,110,-0.9
9882,110,-0.9
9883,110,-0.9
9884,110,-0.9
9885,100,-0.2
9886,110,-0.9
9887,110,-0.9
9888,110,-0.9
9889,110,-0.9
9890,110,-0.9
9891,110,-0.9
9892,111,-1.4
9893,111,-1.4
9894,111,-1.4
9895,111,-1.4
9896,101,-0.09999999999999998
9897,111,-1.4
9898,111,-1.4
9899,011,-0.7999999999999999
9900,111,-1.4
9901,101,-0.09999999999999998
9902,001,-0.3
9903,000,-0.0
9904,000,-0.0
9905,001,-0.3
9906,001,-0.3
9907,001,-0.3
9908,001,-0.3
9909,001,-0.3
9910,001,-0.3
9911,011,-0.7999999999999999
9912,011,-0.7999999999999999
9913,111,-1.4
9914,111,-1.4
9915,111,-1.4
9916,110,-0.9
9917,111,-1.4
9918,110,-0.9
9919,111,-1.4
9920,111,-1.4
9921,110,-0.9
9922,110,-0.9
9923,110,-0.9
9924,110,-0.9
9925,110,-0.9
9926,111,-1.4
9927,111,-1.4
9928,111,-1.4
9929,111,-1.4
9930,111,-1.4
9931,110,-0.9
9932,111,-1.4
9933,111,-1.4
9934,111,-1.4
9935,111,-1.4
9936,111,-1.4
9937,110,-0.9
9938,100,-0.2
9939,100,-0.2
9940,000,-0.0
9941,001,-0.3
9942,001,-0.3
9943,001,-0.3
9944,001,-0.3
9945,000,-0.0
9946,010,0.1
9947,000,-0.0
9948,000,-0.0
9949,000,-0.0
9950,010,0.1
9951,110,-0.9
9952,110,-0.9
9953,110,-0.9
9954,100,-0.2
9955,000,-0.0
9956,000,-0.0
9957,100,-0.2
9958,110,-0.9
9959,010,0.1
9960,000,-0.0
9961,010,0.1
9962,000,-0.0
9963,000,-0.0
9964,000,-0.0
9965,000,-0.0
9966,000,-0.0
9967,001,-0.3
9968,000,-0.0
9969,100,-0.2
9970,110,-0.9
9971,100,-0.2
9972,100,-0.2
9973,110,-0.9
9974,100,-0.2
9975,101,-0.09999999999999998
9976,111,-1.4
9977,111,-1.4
9978,011,-0.7999999999999999
9979,011,-0.7999999999999999
9980,011,-0.7999999999999999
9981,010,0.1
9982,110,-0.9
9983,110,-0.9
9984,110,-0.9
9985,100,-0.2
9986,110,-0.9
9987,110,-0.9
9988,111,-1.4
9989,111,-1.4
9990,111,-1.4
9991,111,-1.4
9992,111,-1.4
9993,111,-1.4
9994,111,-1.4
9995,111,-1.4
9996,110,-0.9
9997,110,-0.9
9998,110,-0.9
9999,110,-0.9
10000,111,-1.4
